Workbook

Sheet Dashboard
A1: Edge Lab — Inventory Dashboard
A2: Last updated: fill manually
A4: Total Item Types | B4: Total Qty in Lab | C4: Active Bins | D4: Checked Out | E4: Overdue | F4: Returned (total)
A5: =COUNTA(Inventory!A3:A302) -> 244 | B5: =SUM(Inventory!C3:C302) -> 2160 | C5: =COUNTA(Bins!A3:A262) -> 238 | D5: =COUNTIF('Checkout Log'!L3:L302,"Checked Out") -> 4 | E5: =COUNTIF('Checkout Log'!L3:L302,"Overdue") -> 0 | F5: =COUNTIF('Checkout Log'!L3:L302,"Returned") -> 0
A7: Storage Overview — by Closet
A8: Closet | B8: Type | C8: No. of Rows | D8: Bins Used | E8: Item Types | F8: Total Qty
A9: =IF(Closets!A3="","",Closets!A3) -> C1 | B9: =IF(Closets!A3="","",Closets!B3) -> PC Periphery | C9: =IF(Closets!A3="","",Closets!C3) -> 5 | D9: =IF(Closets!A3="","",COUNTIF(Bins!$B:$B,Closets!A3)) -> 18 | E9: =IF(Closets!A3="","",COUNTIF(Inventory!$E:$E,Closets!A3)) -> 15 | F9: =IF(Closets!A3="","",SUMIF(Inventory!$E:$E,Closets!A3,Inventory!$C:$C)) -> 145
A10: =IF(Closets!A4="","",Closets!A4) -> C2 | B10: =IF(Closets!A4="","",Closets!B4) -> ELE stuff | C10: =IF(Closets!A4="","",Closets!C4) -> 5 | D10: =IF(Closets!A4="","",COUNTIF(Bins!$B:$B,Closets!A4)) -> 20 | E10: =IF(Closets!A4="","",COUNTIF(Inventory!$E:$E,Closets!A4)) -> 20 | F10: =IF(Closets!A4="","",SUMIF(Inventory!$E:$E,Closets!A4,Inventory!$C:$C)) -> 150
A11: =IF(Closets!A5="","",Closets!A5) -> C3 | B11: =IF(Closets!A5="","",Closets!B5) -> ELE stuff | C11: =IF(Closets!A5="","",Closets!C5) -> 9 | D11: =IF(Closets!A5="","",COUNTIF(Bins!$B:$B,Closets!A5)) -> 94 | E11: =IF(Closets!A5="","",COUNTIF(Inventory!$E:$E,Closets!A5)) -> 139 | F11: =IF(Closets!A5="","",SUMIF(Inventory!$E:$E,Closets!A5,Inventory!$C:$C)) -> 1283
A12: =IF(Closets!A6="","",Closets!A6) -> C4 | B12: =IF(Closets!A6="","",Closets!B6) -> Tools | C12: =IF(Closets!A6="","",Closets!C6) -> 5 | D12: =IF(Closets!A6="","",COUNTIF(Bins!$B:$B,Closets!A6)) -> 14 | E12: =IF(Closets!A6="","",COUNTIF(Inventory!$E:$E,Closets!A6)) -> 3 | F12: =IF(Closets!A6="","",SUMIF(Inventory!$E:$E,Closets!A6,Inventory!$C:$C)) -> 18
A13: =IF(Closets!A7="","",Closets!A7) -> C5 | B13: =IF(Closets!A7="","",Closets!B7) -> Projects | C13: =IF(Closets!A7="","",Closets!C7) -> 4 | D13: =IF(Closets!A7="","",COUNTIF(Bins!$B:$B,Closets!A7)) -> 12 | E13: =IF(Closets!A7="","",COUNTIF(Inventory!$E:$E,Closets!A7)) -> 1 | F13: =IF(Closets!A7="","",SUMIF(Inventory!$E:$E,Closets!A7,Inventory!$C:$C)) -> 4
A14: =IF(Closets!A8="","",Closets!A8) -> C6 | B14: =IF(Closets!A8="","",Closets!B8) -> Misc | C14: =IF(Closets!A8="","",Closets!C8) -> 4 | D14: =IF(Closets!A8="","",COUNTIF(Bins!$B:$B,Closets!A8)) -> 8 | E14: =IF(Closets!A8="","",COUNTIF(Inventory!$E:$E,Closets!A8)) -> 3 | F14: =IF(Closets!A8="","",SUMIF(Inventory!$E:$E,Closets!A8,Inventory!$C:$C)) -> 58
A15: =IF(Closets!A9="","",Closets!A9) -> C7 | B15: =IF(Closets!A9="","",Closets!B9) -> Boxes | C15: =IF(Closets!A9="","",Closets!C9) -> 5 | D15: =IF(Closets!A9="","",COUNTIF(Bins!$B:$B,Closets!A9)) -> 7 | E15: =IF(Closets!A9="","",COUNTIF(Inventory!$E:$E,Closets!A9)) -> 3 | F15: =IF(Closets!A9="","",SUMIF(Inventory!$E:$E,Closets!A9,Inventory!$C:$C)) -> 50
A16: =IF(Closets!A10="","",Closets!A10) -> SCC1 | B16: =IF(Closets!A10="","",Closets!B10) -> ELE stuff | C16: =IF(Closets!A10="","",Closets!C10) -> 5 | D16: =IF(Closets!A10="","",COUNTIF(Bins!$B:$B,Closets!A10)) -> 0 | E16: =IF(Closets!A10="","",COUNTIF(Inventory!$E:$E,Closets!A10)) -> 0 | F16: =IF(Closets!A10="","",SUMIF(Inventory!$E:$E,Closets!A10,Inventory!$C:$C)) -> 0
A17: =IF(Closets!A11="","",Closets!A11) -> SCC2 | B17: =IF(Closets!A11="","",Closets!B11) -> Tools | C17: =IF(Closets!A11="","",Closets!C11) -> 5 | D17: =IF(Closets!A11="","",COUNTIF(Bins!$B:$B,Closets!A11)) -> 0 | E17: =IF(Closets!A11="","",COUNTIF(Inventory!$E:$E,Closets!A11)) -> 0 | F17: =IF(Closets!A11="","",SUMIF(Inventory!$E:$E,Closets!A11,Inventory!$C:$C)) -> 0
A18: =IF(Closets!A12="","",Closets!A12) -> SCC3 | B18: =IF(Closets!A12="","",Closets!B12) -> Tools | C18: =IF(Closets!A12="","",Closets!C12) -> 5 | D18: =IF(Closets!A12="","",COUNTIF(Bins!$B:$B,Closets!A12)) -> 0 | E18: =IF(Closets!A12="","",COUNTIF(Inventory!$E:$E,Closets!A12)) -> 0 | F18: =IF(Closets!A12="","",SUMIF(Inventory!$E:$E,Closets!A12,Inventory!$C:$C)) -> 0
A19: =IF(Closets!A13="","",Closets!A13) -> SCC4 | B19: =IF(Closets!A13="","",Closets!B13) -> Projects | C19: =IF(Closets!A13="","",Closets!C13) -> 5 | D19: =IF(Closets!A13="","",COUNTIF(Bins!$B:$B,Closets!A13)) -> 0 | E19: =IF(Closets!A13="","",COUNTIF(Inventory!$E:$E,Closets!A13)) -> 0 | F19: =IF(Closets!A13="","",SUMIF(Inventory!$E:$E,Closets!A13,Inventory!$C:$C)) -> 0
A20: =IF(Closets!A14="","",Closets!A14) -> SL5 | B20: =IF(Closets!A14="","",Closets!B14) -> Misc | C20: =IF(Closets!A14="","",Closets!C14) -> 4 | D20: =IF(Closets!A14="","",COUNTIF(Bins!$B:$B,Closets!A14)) -> 8 | E20: =IF(Closets!A14="","",COUNTIF(Inventory!$E:$E,Closets!A14)) -> 1 | F20: =IF(Closets!A14="","",SUMIF(Inventory!$E:$E,Closets!A14,Inventory!$C:$C)) -> 18
... A28: =IF(Closets!A22="","",Closets!A22) | B28: =IF(Closets!A22="","",Closets!B22) | C28: =IF(Closets!A22="","",Closets!C22) | D28: =IF(Closets!A22="","",COUNTIF(Bins!$B:$B,Closets!A22)) | E28: =IF(Closets!A22="","",COUNTIF(Inventory!$E:$E,Closets!A22)) | F28: =IF(Closets!A22="","",SUMIF(Inventory!$E:$E,Closets!A22,Inventory!$C:$C))
A30: Active Checkouts
A31: Item Name | B31: Bin | C31: Closet | D31: Borrower | E31: Checkout Date | F31: Expected Return
A32: =IFERROR(IF(INDEX('Checkout Log'!$A:$A,SMALL($G$32:$G$232,ROW()-ROW($G$32)+1))="","",INDEX('Checkout Log'!$A:$A,SMALL($G$32:$G$232,ROW()-ROW($G$32)+1))),"") -> STM32F756 Nucleo-144 Microcontroller | B32: =IFERROR(IF(INDEX('Checkout Log'!$C:$C,SMALL($G$32:$G$232,ROW()-ROW($G$32)+1))="","",INDEX('Checkout Log'!$C:$C,SMALL($G$32:$G$232,ROW()-ROW($G$32)+1))),"") -> STM 32 Microcontrollers | C32: =IFERROR(IF(INDEX('Checkout Log'!$D:$D,SMALL($G$32:$G$232,ROW()-ROW($G$32)+1))="","",INDEX('Checkout Log'!$D:$D,SMALL($G$32:$G$232,ROW()-ROW($G$32)+1))),"") -> C2 | D32: Narmada borrowed 2 | E32: =IFERROR(IF(INDEX('Checkout Log'!$H:$H,SMALL($G$32:$G$232,ROW()-ROW($G$32)+1))=0,"",INDEX('Checkout Log'!$H:$H,SMALL($G$32:$G$232,ROW()-ROW($G$32)+1))),"") | F32: =IFERROR(IF(INDEX('Checkout Log'!$I:$I,SMALL($G$32:$G$232,ROW()-ROW($G$32)+1))=0,"",INDEX('Checkout Log'!$I:$I,SMALL($G$32:$G$232,ROW()-ROW($G$32)+1))),"") | G32: =IF('Checkout Log'!$A3="","",IF('Checkout Log'!$L3="Returned","",ROW('Checkout Log'!$A3))) -> 3
A33: =IFERROR(IF(INDEX('Checkout Log'!$A:$A,SMALL($G$32:$G$232,ROW()-ROW($G$32)+1))="","",INDEX('Checkout Log'!$A:$A,SMALL($G$32:$G$232,ROW()-ROW($G$32)+1))),"") -> STM32MP157C-DK2 Microcontroller | B33: =IFERROR(IF(INDEX('Checkout Log'!$C:$C,SMALL($G$32:$G$232,ROW()-ROW($G$32)+1))="","",INDEX('Checkout Log'!$C:$C,SMALL($G$32:$G$232,ROW()-ROW($G$32)+1))),"") -> STM 32 Microcontrollers | C33: =IFERROR(IF(INDEX('Checkout Log'!$D:$D,SMALL($G$32:$G$232,ROW()-ROW($G$32)+1))="","",INDEX('Checkout Log'!$D:$D,SMALL($G$32:$G$232,ROW()-ROW($G$32)+1))),"") -> C2 | D33: Shehan borrowed 2 | E33: =IFERROR(IF(INDEX('Checkout Log'!$H:$H,SMALL($G$32:$G$232,ROW()-ROW($G$32)+1))=0,"",INDEX('Checkout Log'!$H:$H,SMALL($G$32:$G$232,ROW()-ROW($G$32)+1))),"") | F33: =IFERROR(IF(INDEX('Checkout Log'!$I:$I,SMALL($G$32:$G$232,ROW()-ROW($G$32)+1))=0,"",INDEX('Checkout Log'!$I:$I,SMALL($G$32:$G$232,ROW()-ROW($G$32)+1))),"") | G33: =IF('Checkout Log'!$A4="","",IF('Checkout Log'!$L4="Returned","",ROW('Checkout Log'!$A4))) -> 4
A34: =IFERROR(IF(INDEX('Checkout Log'!$A:$A,SMALL($G$32:$G$232,ROW()-ROW($G$32)+1))="","",INDEX('Checkout Log'!$A:$A,SMALL($G$32:$G$232,ROW()-ROW($G$32)+1))),"") -> BitCraze CrazyFlie drone kit | B34: =IFERROR(IF(INDEX('Checkout Log'!$C:$C,SMALL($G$32:$G$232,ROW()-ROW($G$32)+1))="","",INDEX('Checkout Log'!$C:$C,SMALL($G$32:$G$232,ROW()-ROW($G$32)+1))),"") -> BitCraze CrazyFlie drone kit | C34: =IFERROR(IF(INDEX('Checkout Log'!$D:$D,SMALL($G$32:$G$232,ROW()-ROW($G$32)+1))="","",INDEX('Checkout Log'!$D:$D,SMALL($G$32:$G$232,ROW()-ROW($G$32)+1))),"") -> SL2 | D34: Domenic Dreschel borrowed 1 | E34: =IFERROR(IF(INDEX('Checkout Log'!$H:$H,SMALL($G$32:$G$232,ROW()-ROW($G$32)+1))=0,"",INDEX('Checkout Log'!$H:$H,SMALL($G$32:$G$232,ROW()-ROW($G$32)+1))),"") | F34: =IFERROR(IF(INDEX('Checkout Log'!$I:$I,SMALL($G$32:$G$232,ROW()-ROW($G$32)+1))=0,"",INDEX('Checkout Log'!$I:$I,SMALL($G$32:$G$232,ROW()-ROW($G$32)+1))),"") | G34: =IF('Checkout Log'!$A5="","",IF('Checkout Log'!$L5="Returned","",ROW('Checkout Log'!$A5))) -> 5
A35: =IFERROR(IF(INDEX('Checkout Log'!$A:$A,SMALL($G$32:$G$232,ROW()-ROW($G$32)+1))="","",INDEX('Checkout Log'!$A:$A,SMALL($G$32:$G$232,ROW()-ROW($G$32)+1))),"") -> Servo Motor S35+XF | B35: =IFERROR(IF(INDEX('Checkout Log'!$C:$C,SMALL($G$32:$G$232,ROW()-ROW($G$32)+1))="","",INDEX('Checkout Log'!$C:$C,SMALL($G$32:$G$232,ROW()-ROW($G$32)+1))),"") -> Servo Motors | C35: =IFERROR(IF(INDEX('Checkout Log'!$D:$D,SMALL($G$32:$G$232,ROW()-ROW($G$32)+1))="","",INDEX('Checkout Log'!$D:$D,SMALL($G$32:$G$232,ROW()-ROW($G$32)+1))),"") -> C3 | D35: =IFERROR(IF(INDEX('Checkout Log'!$E:$E,SMALL($G$32:$G$232,ROW()-ROW($G$32)+1))="","",INDEX('Checkout Log'!$E:$E,SMALL($G$32:$G$232,ROW()-ROW($G$32)+1))),"") -> MD Akram | E35: =IFERROR(IF(INDEX('Checkout Log'!$H:$H,SMALL($G$32:$G$232,ROW()-ROW($G$32)+1))=0,"",INDEX('Checkout Log'!$H:$H,SMALL($G$32:$G$232,ROW()-ROW($G$32)+1))),"") | F35: =IFERROR(IF(INDEX('Checkout Log'!$I:$I,SMALL($G$32:$G$232,ROW()-ROW($G$32)+1))=0,"",INDEX('Checkout Log'!$I:$I,SMALL($G$32:$G$232,ROW()-ROW($G$32)+1))),"") | G35: =IF('Checkout Log'!$A6="","",IF('Checkout Log'!$L6="Returned","",ROW('Checkout Log'!$A6))) -> 6
A36: =IFERROR(IF(INDEX('Checkout Log'!$A:$A,SMALL($G$32:$G$232,ROW()-ROW($G$32)+1))="","",INDEX('Checkout Log'!$A:$A,SMALL($G$32:$G$232,ROW()-ROW($G$32)+1))),"") | B36: =IFERROR(IF(INDEX('Checkout Log'!$C:$C,SMALL($G$32:$G$232,ROW()-ROW($G$32)+1))="","",INDEX('Checkout Log'!$C:$C,SMALL($G$32:$G$232,ROW()-ROW($G$32)+1))),"") | C36: =IFERROR(IF(INDEX('Checkout Log'!$D:$D,SMALL($G$32:$G$232,ROW()-ROW($G$32)+1))="","",INDEX('Checkout Log'!$D:$D,SMALL($G$32:$G$232,ROW()-ROW($G$32)+1))),"") | D36: =IFERROR(IF(INDEX('Checkout Log'!$E:$E,SMALL($G$32:$G$232,ROW()-ROW($G$32)+1))="","",INDEX('Checkout Log'!$E:$E,SMALL($G$32:$G$232,ROW()-ROW($G$32)+1))),"") | E36: =IFERROR(IF(INDEX('Checkout Log'!$H:$H,SMALL($G$32:$G$232,ROW()-ROW($G$32)+1))=0,"",INDEX('Checkout Log'!$H:$H,SMALL($G$32:$G$232,ROW()-ROW($G$32)+1))),"") | F36: =IFERROR(IF(INDEX('Checkout Log'!$I:$I,SMALL($G$32:$G$232,ROW()-ROW($G$32)+1))=0,"",INDEX('Checkout Log'!$I:$I,SMALL($G$32:$G$232,ROW()-ROW($G$32)+1))),"") | G36: =IF('Checkout Log'!$A7="","",IF('Checkout Log'!$L7="Returned","",ROW('Checkout Log'!$A7)))
A37: =IFERROR(IF(INDEX('Checkout Log'!$A:$A,SMALL($G$32:$G$232,ROW()-ROW($G$32)+1))="","",INDEX('Checkout Log'!$A:$A,SMALL($G$32:$G$232,ROW()-ROW($G$32)+1))),"") | B37: =IFERROR(IF(INDEX('Checkout Log'!$C:$C,SMALL($G$32:$G$232,ROW()-ROW($G$32)+1))="","",INDEX('Checkout Log'!$C:$C,SMALL($G$32:$G$232,ROW()-ROW($G$32)+1))),"") | C37: =IFERROR(IF(INDEX('Checkout Log'!$D:$D,SMALL($G$32:$G$232,ROW()-ROW($G$32)+1))="","",INDEX('Checkout Log'!$D:$D,SMALL($G$32:$G$232,ROW()-ROW($G$32)+1))),"") | D37: =IFERROR(IF(INDEX('Checkout Log'!$E:$E,SMALL($G$32:$G$232,ROW()-ROW($G$32)+1))="","",INDEX('Checkout Log'!$E:$E,SMALL($G$32:$G$232,ROW()-ROW($G$32)+1))),"") | E37: =IFERROR(IF(INDEX('Checkout Log'!$H:$H,SMALL($G$32:$G$232,ROW()-ROW($G$32)+1))=0,"",INDEX('Checkout Log'!$H:$H,SMALL($G$32:$G$232,ROW()-ROW($G$32)+1))),"") | F37: =IFERROR(IF(INDEX('Checkout Log'!$I:$I,SMALL($G$32:$G$232,ROW()-ROW($G$32)+1))=0,"",INDEX('Checkout Log'!$I:$I,SMALL($G$32:$G$232,ROW()-ROW($G$32)+1))),"") | G37: =IF('Checkout Log'!$A8="","",IF('Checkout Log'!$L8="Returned","",ROW('Checkout Log'!$A8)))
A38: =IFERROR(IF(INDEX('Checkout Log'!$A:$A,SMALL($G$32:$G$232,ROW()-ROW($G$32)+1))="","",INDEX('Checkout Log'!$A:$A,SMALL($G$32:$G$232,ROW()-ROW($G$32)+1))),"") | B38: =IFERROR(IF(INDEX('Checkout Log'!$C:$C,SMALL($G$32:$G$232,ROW()-ROW($G$32)+1))="","",INDEX('Checkout Log'!$C:$C,SMALL($G$32:$G$232,ROW()-ROW($G$32)+1))),"") | C38: =IFERROR(IF(INDEX('Checkout Log'!$D:$D,SMALL($G$32:$G$232,ROW()-ROW($G$32)+1))="","",INDEX('Checkout Log'!$D:$D,SMALL($G$32:$G$232,ROW()-ROW($G$32)+1))),"") | D38: =IFERROR(IF(INDEX('Checkout Log'!$E:$E,SMALL($G$32:$G$232,ROW()-ROW($G$32)+1))="","",INDEX('Checkout Log'!$E:$E,SMALL($G$32:$G$232,ROW()-ROW($G$32)+1))),"") | E38: =IFERROR(IF(INDEX('Checkout Log'!$H:$H,SMALL($G$32:$G$232,ROW()-ROW($G$32)+1))=0,"",INDEX('Checkout Log'!$H:$H,SMALL($G$32:$G$232,ROW()-ROW($G$32)+1))),"") | F38: =IFERROR(IF(INDEX('Checkout Log'!$I:$I,SMALL($G$32:$G$232,ROW()-ROW($G$32)+1))=0,"",INDEX('Checkout Log'!$I:$I,SMALL($G$32:$G$232,ROW()-ROW($G$32)+1))),"") | G38: =IF('Checkout Log'!$A9="","",IF('Checkout Log'!$L9="Returned","",ROW('Checkout Log'!$A9)))
A39: =IFERROR(IF(INDEX('Checkout Log'!$A:$A,SMALL($G$32:$G$232,ROW()-ROW($G$32)+1))="","",INDEX('Checkout Log'!$A:$A,SMALL($G$32:$G$232,ROW()-ROW($G$32)+1))),"") | B39: =IFERROR(IF(INDEX('Checkout Log'!$C:$C,SMALL($G$32:$G$232,ROW()-ROW($G$32)+1))="","",INDEX('Checkout Log'!$C:$C,SMALL($G$32:$G$232,ROW()-ROW($G$32)+1))),"") | C39: =IFERROR(IF(INDEX('Checkout Log'!$D:$D,SMALL($G$32:$G$232,ROW()-ROW($G$32)+1))="","",INDEX('Checkout Log'!$D:$D,SMALL($G$32:$G$232,ROW()-ROW($G$32)+1))),"") | D39: =IFERROR(IF(INDEX('Checkout Log'!$E:$E,SMALL($G$32:$G$232,ROW()-ROW($G$32)+1))="","",INDEX('Checkout Log'!$E:$E,SMALL($G$32:$G$232,ROW()-ROW($G$32)+1))),"") | E39: =IFERROR(IF(INDEX('Checkout Log'!$H:$H,SMALL($G$32:$G$232,ROW()-ROW($G$32)+1))=0,"",INDEX('Checkout Log'!$H:$H,SMALL($G$32:$G$232,ROW()-ROW($G$32)+1))),"") | F39: =IFERROR(IF(INDEX('Checkout Log'!$I:$I,SMALL($G$32:$G$232,ROW()-ROW($G$32)+1))=0,"",INDEX('Checkout Log'!$I:$I,SMALL($G$32:$G$232,ROW()-ROW($G$32)+1))),"") | G39: =IF('Checkout Log'!$A10="","",IF('Checkout Log'!$L10="Returned","",ROW('Checkout Log'!$A10)))
A40: =IFERROR(IF(INDEX('Checkout Log'!$A:$A,SMALL($G$32:$G$232,ROW()-ROW($G$32)+1))="","",INDEX('Checkout Log'!$A:$A,SMALL($G$32:$G$232,ROW()-ROW($G$32)+1))),"") | B40: =IFERROR(IF(INDEX('Checkout Log'!$C:$C,SMALL($G$32:$G$232,ROW()-ROW($G$32)+1))="","",INDEX('Checkout Log'!$C:$C,SMALL($G$32:$G$232,ROW()-ROW($G$32)+1))),"") | C40: =IFERROR(IF(INDEX('Checkout Log'!$D:$D,SMALL($G$32:$G$232,ROW()-ROW($G$32)+1))="","",INDEX('Checkout Log'!$D:$D,SMALL($G$32:$G$232,ROW()-ROW($G$32)+1))),"") | D40: =IFERROR(IF(INDEX('Checkout Log'!$E:$E,SMALL($G$32:$G$232,ROW()-ROW($G$32)+1))="","",INDEX('Checkout Log'!$E:$E,SMALL($G$32:$G$232,ROW()-ROW($G$32)+1))),"") | E40: =IFERROR(IF(INDEX('Checkout Log'!$H:$H,SMALL($G$32:$G$232,ROW()-ROW($G$32)+1))=0,"",INDEX('Checkout Log'!$H:$H,SMALL($G$32:$G$232,ROW()-ROW($G$32)+1))),"") | F40: =IFERROR(IF(INDEX('Checkout Log'!$I:$I,SMALL($G$32:$G$232,ROW()-ROW($G$32)+1))=0,"",INDEX('Checkout Log'!$I:$I,SMALL($G$32:$G$232,ROW()-ROW($G$32)+1))),"") | G40: =IF('Checkout Log'!$A11="","",IF('Checkout Log'!$L11="Returned","",ROW('Checkout Log'!$A11)))
A41: =IFERROR(IF(INDEX('Checkout Log'!$A:$A,SMALL($G$32:$G$232,ROW()-ROW($G$32)+1))="","",INDEX('Checkout Log'!$A:$A,SMALL($G$32:$G$232,ROW()-ROW($G$32)+1))),"") | B41: =IFERROR(IF(INDEX('Checkout Log'!$C:$C,SMALL($G$32:$G$232,ROW()-ROW($G$32)+1))="","",INDEX('Checkout Log'!$C:$C,SMALL($G$32:$G$232,ROW()-ROW($G$32)+1))),"") | C41: =IFERROR(IF(INDEX('Checkout Log'!$D:$D,SMALL($G$32:$G$232,ROW()-ROW($G$32)+1))="","",INDEX('Checkout Log'!$D:$D,SMALL($G$32:$G$232,ROW()-ROW($G$32)+1))),"") | D41: =IFERROR(IF(INDEX('Checkout Log'!$E:$E,SMALL($G$32:$G$232,ROW()-ROW($G$32)+1))="","",INDEX('Checkout Log'!$E:$E,SMALL($G$32:$G$232,ROW()-ROW($G$32)+1))),"") | E41: =IFERROR(IF(INDEX('Checkout Log'!$H:$H,SMALL($G$32:$G$232,ROW()-ROW($G$32)+1))=0,"",INDEX('Checkout Log'!$H:$H,SMALL($G$32:$G$232,ROW()-ROW($G$32)+1))),"") | F41: =IFERROR(IF(INDEX('Checkout Log'!$I:$I,SMALL($G$32:$G$232,ROW()-ROW($G$32)+1))=0,"",INDEX('Checkout Log'!$I:$I,SMALL($G$32:$G$232,ROW()-ROW($G$32)+1))),"") | G41: =IF('Checkout Log'!$A12="","",IF('Checkout Log'!$L12="Returned","",ROW('Checkout Log'!$A12)))
A42: =IFERROR(IF(INDEX('Checkout Log'!$A:$A,SMALL($G$32:$G$232,ROW()-ROW($G$32)+1))="","",INDEX('Checkout Log'!$A:$A,SMALL($G$32:$G$232,ROW()-ROW($G$32)+1))),"") | B42: =IFERROR(IF(INDEX('Checkout Log'!$C:$C,SMALL($G$32:$G$232,ROW()-ROW($G$32)+1))="","",INDEX('Checkout Log'!$C:$C,SMALL($G$32:$G$232,ROW()-ROW($G$32)+1))),"") | C42: =IFERROR(IF(INDEX('Checkout Log'!$D:$D,SMALL($G$32:$G$232,ROW()-ROW($G$32)+1))="","",INDEX('Checkout Log'!$D:$D,SMALL($G$32:$G$232,ROW()-ROW($G$32)+1))),"") | D42: =IFERROR(IF(INDEX('Checkout Log'!$E:$E,SMALL($G$32:$G$232,ROW()-ROW($G$32)+1))="","",INDEX('Checkout Log'!$E:$E,SMALL($G$32:$G$232,ROW()-ROW($G$32)+1))),"") | E42: =IFERROR(IF(INDEX('Checkout Log'!$H:$H,SMALL($G$32:$G$232,ROW()-ROW($G$32)+1))=0,"",INDEX('Checkout Log'!$H:$H,SMALL($G$32:$G$232,ROW()-ROW($G$32)+1))),"") | F42: =IFERROR(IF(INDEX('Checkout Log'!$I:$I,SMALL($G$32:$G$232,ROW()-ROW($G$32)+1))=0,"",INDEX('Checkout Log'!$I:$I,SMALL($G$32:$G$232,ROW()-ROW($G$32)+1))),"") | G42: =IF('Checkout Log'!$A13="","",IF('Checkout Log'!$L13="Returned","",ROW('Checkout Log'!$A13)))
A43: =IFERROR(IF(INDEX('Checkout Log'!$A:$A,SMALL($G$32:$G$232,ROW()-ROW($G$32)+1))="","",INDEX('Checkout Log'!$A:$A,SMALL($G$32:$G$232,ROW()-ROW($G$32)+1))),"") | B43: =IFERROR(IF(INDEX('Checkout Log'!$C:$C,SMALL($G$32:$G$232,ROW()-ROW($G$32)+1))="","",INDEX('Checkout Log'!$C:$C,SMALL($G$32:$G$232,ROW()-ROW($G$32)+1))),"") | C43: =IFERROR(IF(INDEX('Checkout Log'!$D:$D,SMALL($G$32:$G$232,ROW()-ROW($G$32)+1))="","",INDEX('Checkout Log'!$D:$D,SMALL($G$32:$G$232,ROW()-ROW($G$32)+1))),"") | D43: =IFERROR(IF(INDEX('Checkout Log'!$E:$E,SMALL($G$32:$G$232,ROW()-ROW($G$32)+1))="","",INDEX('Checkout Log'!$E:$E,SMALL($G$32:$G$232,ROW()-ROW($G$32)+1))),"") | E43: =IFERROR(IF(INDEX('Checkout Log'!$H:$H,SMALL($G$32:$G$232,ROW()-ROW($G$32)+1))=0,"",INDEX('Checkout Log'!$H:$H,SMALL($G$32:$G$232,ROW()-ROW($G$32)+1))),"") | F43: =IFERROR(IF(INDEX('Checkout Log'!$I:$I,SMALL($G$32:$G$232,ROW()-ROW($G$32)+1))=0,"",INDEX('Checkout Log'!$I:$I,SMALL($G$32:$G$232,ROW()-ROW($G$32)+1))),"") | G43: =IF('Checkout Log'!$A14="","",IF('Checkout Log'!$L14="Returned","",ROW('Checkout Log'!$A14)))
A44: =IFERROR(IF(INDEX('Checkout Log'!$A:$A,SMALL($G$32:$G$232,ROW()-ROW($G$32)+1))="","",INDEX('Checkout Log'!$A:$A,SMALL($G$32:$G$232,ROW()-ROW($G$32)+1))),"") | B44: =IFERROR(IF(INDEX('Checkout Log'!$C:$C,SMALL($G$32:$G$232,ROW()-ROW($G$32)+1))="","",INDEX('Checkout Log'!$C:$C,SMALL($G$32:$G$232,ROW()-ROW($G$32)+1))),"") | C44: =IFERROR(IF(INDEX('Checkout Log'!$D:$D,SMALL($G$32:$G$232,ROW()-ROW($G$32)+1))="","",INDEX('Checkout Log'!$D:$D,SMALL($G$32:$G$232,ROW()-ROW($G$32)+1))),"") | D44: =IFERROR(IF(INDEX('Checkout Log'!$E:$E,SMALL($G$32:$G$232,ROW()-ROW($G$32)+1))="","",INDEX('Checkout Log'!$E:$E,SMALL($G$32:$G$232,ROW()-ROW($G$32)+1))),"") | E44: =IFERROR(IF(INDEX('Checkout Log'!$H:$H,SMALL($G$32:$G$232,ROW()-ROW($G$32)+1))=0,"",INDEX('Checkout Log'!$H:$H,SMALL($G$32:$G$232,ROW()-ROW($G$32)+1))),"") | F44: =IFERROR(IF(INDEX('Checkout Log'!$I:$I,SMALL($G$32:$G$232,ROW()-ROW($G$32)+1))=0,"",INDEX('Checkout Log'!$I:$I,SMALL($G$32:$G$232,ROW()-ROW($G$32)+1))),"") | G44: =IF('Checkout Log'!$A15="","",IF('Checkout Log'!$L15="Returned","",ROW('Checkout Log'!$A15)))
A45: =IFERROR(IF(INDEX('Checkout Log'!$A:$A,SMALL($G$32:$G$232,ROW()-ROW($G$32)+1))="","",INDEX('Checkout Log'!$A:$A,SMALL($G$32:$G$232,ROW()-ROW($G$32)+1))),"") | B45: =IFERROR(IF(INDEX('Checkout Log'!$C:$C,SMALL($G$32:$G$232,ROW()-ROW($G$32)+1))="","",INDEX('Checkout Log'!$C:$C,SMALL($G$32:$G$232,ROW()-ROW($G$32)+1))),"") | C45: =IFERROR(IF(INDEX('Checkout Log'!$D:$D,SMALL($G$32:$G$232,ROW()-ROW($G$32)+1))="","",INDEX('Checkout Log'!$D:$D,SMALL($G$32:$G$232,ROW()-ROW($G$32)+1))),"") | D45: =IFERROR(IF(INDEX('Checkout Log'!$E:$E,SMALL($G$32:$G$232,ROW()-ROW($G$32)+1))="","",INDEX('Checkout Log'!$E:$E,SMALL($G$32:$G$232,ROW()-ROW($G$32)+1))),"") | E45: =IFERROR(IF(INDEX('Checkout Log'!$H:$H,SMALL($G$32:$G$232,ROW()-ROW($G$32)+1))=0,"",INDEX('Checkout Log'!$H:$H,SMALL($G$32:$G$232,ROW()-ROW($G$32)+1))),"") | F45: =IFERROR(IF(INDEX('Checkout Log'!$I:$I,SMALL($G$32:$G$232,ROW()-ROW($G$32)+1))=0,"",INDEX('Checkout Log'!$I:$I,SMALL($G$32:$G$232,ROW()-ROW($G$32)+1))),"") | G45: =IF('Checkout Log'!$A16="","",IF('Checkout Log'!$L16="Returned","",ROW('Checkout Log'!$A16)))
A46: =IFERROR(IF(INDEX('Checkout Log'!$A:$A,SMALL($G$32:$G$232,ROW()-ROW($G$32)+1))="","",INDEX('Checkout Log'!$A:$A,SMALL($G$32:$G$232,ROW()-ROW($G$32)+1))),"") | B46: =IFERROR(IF(INDEX('Checkout Log'!$C:$C,SMALL($G$32:$G$232,ROW()-ROW($G$32)+1))="","",INDEX('Checkout Log'!$C:$C,SMALL($G$32:$G$232,ROW()-ROW($G$32)+1))),"") | C46: =IFERROR(IF(INDEX('Checkout Log'!$D:$D,SMALL($G$32:$G$232,ROW()-ROW($G$32)+1))="","",INDEX('Checkout Log'!$D:$D,SMALL($G$32:$G$232,ROW()-ROW($G$32)+1))),"") | D46: =IFERROR(IF(INDEX('Checkout Log'!$E:$E,SMALL($G$32:$G$232,ROW()-ROW($G$32)+1))="","",INDEX('Checkout Log'!$E:$E,SMALL($G$32:$G$232,ROW()-ROW($G$32)+1))),"") | E46: =IFERROR(IF(INDEX('Checkout Log'!$H:$H,SMALL($G$32:$G$232,ROW()-ROW($G$32)+1))=0,"",INDEX('Checkout Log'!$H:$H,SMALL($G$32:$G$232,ROW()-ROW($G$32)+1))),"") | F46: =IFERROR(IF(INDEX('Checkout Log'!$I:$I,SMALL($G$32:$G$232,ROW()-ROW($G$32)+1))=0,"",INDEX('Checkout Log'!$I:$I,SMALL($G$32:$G$232,ROW()-ROW($G$32)+1))),"") | G46: =IF('Checkout Log'!$A17="","",IF('Checkout Log'!$L17="Returned","",ROW('Checkout Log'!$A17)))
... A100: =IFERROR(IF(INDEX('Checkout Log'!$A:$A,SMALL($G$32:$G$232,ROW()-ROW($G$32)+1))="","",INDEX('Checkout Log'!$A:$A,SMALL($G$32:$G$232,ROW()-ROW($G$32)+1))),"") | B100: =IFERROR(IF(INDEX('Checkout Log'!$C:$C,SMALL($G$32:$G$232,ROW()-ROW($G$32)+1))="","",INDEX('Checkout Log'!$C:$C,SMALL($G$32:$G$232,ROW()-ROW($G$32)+1))),"") | C100: =IFERROR(IF(INDEX('Checkout Log'!$D:$D,SMALL($G$32:$G$232,ROW()-ROW($G$32)+1))="","",INDEX('Checkout Log'!$D:$D,SMALL($G$32:$G$232,ROW()-ROW($G$32)+1))),"") | D100: =IFERROR(IF(INDEX('Checkout Log'!$E:$E,SMALL($G$32:$G$232,ROW()-ROW($G$32)+1))="","",INDEX('Checkout Log'!$E:$E,SMALL($G$32:$G$232,ROW()-ROW($G$32)+1))),"") | E100: =IFERROR(IF(INDEX('Checkout Log'!$H:$H,SMALL($G$32:$G$232,ROW()-ROW($G$32)+1))=0,"",INDEX('Checkout Log'!$H:$H,SMALL($G$32:$G$232,ROW()-ROW($G$32)+1))),"") | F100: =IFERROR(IF(INDEX('Checkout Log'!$I:$I,SMALL($G$32:$G$232,ROW()-ROW($G$32)+1))=0,"",INDEX('Checkout Log'!$I:$I,SMALL($G$32:$G$232,ROW()-ROW($G$32)+1))),"") | G100: =IF('Checkout Log'!$A71="","",IF('Checkout Log'!$L71="Returned","",ROW('Checkout Log'!$A71)))
A101: =IF('Checkout Log'!$L72<>"Checked Out","",'Checkout Log'!$A72) | B101: =IF('Checkout Log'!L72<>"Checked Out","",'Checkout Log'!C72) | C101: =IF('Checkout Log'!L72<>"Checked Out","",'Checkout Log'!D72) | D101: =IF('Checkout Log'!L72<>"Checked Out","",'Checkout Log'!E72) | E101: =IF('Checkout Log'!L72<>"Checked Out","",'Checkout Log'!H72) | F101: =IF('Checkout Log'!L72<>"Checked Out","",'Checkout Log'!I72)
A102: =IF('Checkout Log'!$L73<>"Checked Out","",'Checkout Log'!$A73) | B102: =IF('Checkout Log'!L73<>"Checked Out","",'Checkout Log'!C73) | C102: =IF('Checkout Log'!L73<>"Checked Out","",'Checkout Log'!D73) | D102: =IF('Checkout Log'!L73<>"Checked Out","",'Checkout Log'!E73) | E102: =IF('Checkout Log'!L73<>"Checked Out","",'Checkout Log'!H73) | F102: =IF('Checkout Log'!L73<>"Checked Out","",'Checkout Log'!I73)
A103: =IF('Checkout Log'!$L74<>"Checked Out","",'Checkout Log'!$A74) | B103: =IF('Checkout Log'!L74<>"Checked Out","",'Checkout Log'!C74) | C103: =IF('Checkout Log'!L74<>"Checked Out","",'Checkout Log'!D74) | D103: =IF('Checkout Log'!L74<>"Checked Out","",'Checkout Log'!E74) | E103: =IF('Checkout Log'!L74<>"Checked Out","",'Checkout Log'!H74) | F103: =IF('Checkout Log'!L74<>"Checked Out","",'Checkout Log'!I74)
A104: =IF('Checkout Log'!$L75<>"Checked Out","",'Checkout Log'!$A75) | B104: =IF('Checkout Log'!L75<>"Checked Out","",'Checkout Log'!C75) | C104: =IF('Checkout Log'!L75<>"Checked Out","",'Checkout Log'!D75) | D104: =IF('Checkout Log'!L75<>"Checked Out","",'Checkout Log'!E75) | E104: =IF('Checkout Log'!L75<>"Checked Out","",'Checkout Log'!H75) | F104: =IF('Checkout Log'!L75<>"Checked Out","",'Checkout Log'!I75)
A105: =IF('Checkout Log'!$L76<>"Checked Out","",'Checkout Log'!$A76) | B105: =IF('Checkout Log'!L76<>"Checked Out","",'Checkout Log'!C76) | C105: =IF('Checkout Log'!L76<>"Checked Out","",'Checkout Log'!D76) | D105: =IF('Checkout Log'!L76<>"Checked Out","",'Checkout Log'!E76) | E105: =IF('Checkout Log'!L76<>"Checked Out","",'Checkout Log'!H76) | F105: =IF('Checkout Log'!L76<>"Checked Out","",'Checkout Log'!I76)
A106: =IF('Checkout Log'!$L77<>"Checked Out","",'Checkout Log'!$A77) | B106: =IF('Checkout Log'!L77<>"Checked Out","",'Checkout Log'!C77) | C106: =IF('Checkout Log'!L77<>"Checked Out","",'Checkout Log'!D77) | D106: =IF('Checkout Log'!L77<>"Checked Out","",'Checkout Log'!E77) | E106: =IF('Checkout Log'!L77<>"Checked Out","",'Checkout Log'!H77) | F106: =IF('Checkout Log'!L77<>"Checked Out","",'Checkout Log'!I77)
A107: =IF('Checkout Log'!$L78<>"Checked Out","",'Checkout Log'!$A78) | B107: =IF('Checkout Log'!L78<>"Checked Out","",'Checkout Log'!C78) | C107: =IF('Checkout Log'!L78<>"Checked Out","",'Checkout Log'!D78) | D107: =IF('Checkout Log'!L78<>"Checked Out","",'Checkout Log'!E78) | E107: =IF('Checkout Log'!L78<>"Checked Out","",'Checkout Log'!H78) | F107: =IF('Checkout Log'!L78<>"Checked Out","",'Checkout Log'!I78)
A108: =IF('Checkout Log'!$L79<>"Checked Out","",'Checkout Log'!$A79) | B108: =IF('Checkout Log'!L79<>"Checked Out","",'Checkout Log'!C79) | C108: =IF('Checkout Log'!L79<>"Checked Out","",'Checkout Log'!D79) | D108: =IF('Checkout Log'!L79<>"Checked Out","",'Checkout Log'!E79) | E108: =IF('Checkout Log'!L79<>"Checked Out","",'Checkout Log'!H79) | F108: =IF('Checkout Log'!L79<>"Checked Out","",'Checkout Log'!I79)
A109: =IF('Checkout Log'!$L80<>"Checked Out","",'Checkout Log'!$A80) | B109: =IF('Checkout Log'!L80<>"Checked Out","",'Checkout Log'!C80) | C109: =IF('Checkout Log'!L80<>"Checked Out","",'Checkout Log'!D80) | D109: =IF('Checkout Log'!L80<>"Checked Out","",'Checkout Log'!E80) | E109: =IF('Checkout Log'!L80<>"Checked Out","",'Checkout Log'!H80) | F109: =IF('Checkout Log'!L80<>"Checked Out","",'Checkout Log'!I80)
A110: =IF('Checkout Log'!$L81<>"Checked Out","",'Checkout Log'!$A81) | B110: =IF('Checkout Log'!L81<>"Checked Out","",'Checkout Log'!C81) | C110: =IF('Checkout Log'!L81<>"Checked Out","",'Checkout Log'!D81) | D110: =IF('Checkout Log'!L81<>"Checked Out","",'Checkout Log'!E81) | E110: =IF('Checkout Log'!L81<>"Checked Out","",'Checkout Log'!H81) | F110: =IF('Checkout Log'!L81<>"Checked Out","",'Checkout Log'!I81)
A111: =IF('Checkout Log'!$L82<>"Checked Out","",'Checkout Log'!$A82) | B111: =IF('Checkout Log'!L82<>"Checked Out","",'Checkout Log'!C82) | C111: =IF('Checkout Log'!L82<>"Checked Out","",'Checkout Log'!D82) | D111: =IF('Checkout Log'!L82<>"Checked Out","",'Checkout Log'!E82) | E111: =IF('Checkout Log'!L82<>"Checked Out","",'Checkout Log'!H82) | F111: =IF('Checkout Log'!L82<>"Checked Out","",'Checkout Log'!I82)
A112: =IF('Checkout Log'!$L83<>"Checked Out","",'Checkout Log'!$A83) | B112: =IF('Checkout Log'!L83<>"Checked Out","",'Checkout Log'!C83) | C112: =IF('Checkout Log'!L83<>"Checked Out","",'Checkout Log'!D83) | D112: =IF('Checkout Log'!L83<>"Checked Out","",'Checkout Log'!E83) | E112: =IF('Checkout Log'!L83<>"Checked Out","",'Checkout Log'!H83) | F112: =IF('Checkout Log'!L83<>"Checked Out","",'Checkout Log'!I83)
... A331: =IF('Checkout Log'!$L302<>"Checked Out","",'Checkout Log'!$A302) | B331: =IF('Checkout Log'!L302<>"Checked Out","",'Checkout Log'!C302) | C331: =IF('Checkout Log'!L302<>"Checked Out","",'Checkout Log'!D302) | D331: =IF('Checkout Log'!L302<>"Checked Out","",'Checkout Log'!E302) | E331: =IF('Checkout Log'!L302<>"Checked Out","",'Checkout Log'!H302) | F331: =IF('Checkout Log'!L302<>"Checked Out","",'Checkout Log'!I302)

Sheet Closets
A1: Closets — Physical Storage Units
A2: Closet Name | B2: Type | C2: No. of Rows | D2: Location / Room | E2: Notes
A3: C1 | B3: PC Periphery | C3: 5 | D3: L3.3-E02-120
A4: C2 | B4: ELE stuff | C4: 5 | D4: L3.3-E02-120
A5: C3 | B5: ELE stuff | C5: 9 | D5: L3.3-E02-120
A6: C4 | B6: Tools | C6: 5 | D6: L3.3-E02-120
A7: C5 | B7: Projects | C7: 4 | D7: L3.3-E02-120
A8: C6 | B8: Misc | C8: 4 | D8: L3.3-E02-120
A9: C7 | B9: Boxes | C9: 5 | D9: L3.3-E02-120
A10: SCC1 | B10: ELE stuff | C10: 5 | D10: L3.3-E02-120
A11: SCC2 | B11: Tools | C11: 5 | D11: L3.3-E02-120
A12: SCC3 | B12: Tools | C12: 5 | D12: L3.3-E02-120
A13: SCC4 | B13: Projects | C13: 5 | D13: L3.3-E02-120
A14: SL5 | B14: Misc | C14: 4 | D14: L3.3-E02-120
... A16: SL3 | B16: cars | C16: 5 | D16: L3.3-E02-120
A17: SL2 | C17: 5 | D17: L3.3-E02-120
A18: SL1 | C18: 4 | D18: L3.3-E02-120

Sheet Bins
A1: Bins — Storage Containers
A2: Bin Name | B2: Closet | C2: Row | D2: Position | E2: Notes
A3: Empty (C1-R1-P1) | B3: C1 | C3: 1 | D3: 1
A4: Dell docking Cord | B4: C1 | C4: 1 | D4: 2
A5: Empty (C1-R1-P3) | B5: C1 | C5: 1 | D5: 3
A6: Empty (C1-R1-P4) | B6: C1 | C6: 1 | D6: 4
A7: Ethernet Cables | B7: C1 | C7: 2 | D7: 1
A8: 3.5 mm Jack | B8: C1 | C8: 2 | D8: 2
A9: Display cables | B9: C1 | C9: 2 | D9: 3
A10: Empty (C1-R2-P4) | B10: C1 | C10: 2 | D10: 4
A11: USB Type B | B11: C1 | C11: 3 | D11: 1
A12: Empty (C1-R3-P2) | B12: C1 | C12: 3 | D12: 2
A13: Wireless Keyboard | B13: C1 | C13: 3 | D13: 3
A14: Empty (C1-R3-P4) | B14: C1 | C14: 3 | D14: 4
... A34: Small ESP 32 Microcontrollers | B34: C2 | C34: 4 | D34: 2
A35: RGB Shield For Arduino | C35: 4 | D35: 3
A36: Connectors and wiring | B36: C2 | C36: 4 | D36: 4
A37: Cables FF | B37: C2 | C37: 5 | D37: 1
A38: Cables MF | B38: C2 | C38: 5 | D38: 2
A39: Cables MM | B39: C2 | C39: 5 | D39: 3
A40: Cables Exoctic | B40: C2 | C40: 5 | D40: 4
A41: Hexagonal Key Wrenches | B41: C4 | C41: 1 | D41: 1
A42: Empty (C4-R1-P2) | B42: C4 | C42: 1 | D42: 2
A43: Empty (C4-R1-P3) | B43: C4 | C43: 1 | D43: 3
A44: Mounting Hole templates | B44: C4 | C44: 1 | D44: 4
A45: Caliper Boxes | B45: C4 | C45: 2 | D45: 1
A46: Prof. Göbels Raspery Pi | B46: C4 | C46: 2 | D46: 2
A47: Multimeters | B47: C4 | C47: 2 | D47: 3
... A224: Dell Misc | B224: SL1 | C224: 1 | D224: 1
A225: Dell metalic parts
A226: Dell case cables
A227: Dell case parts | C227: 2
A228: Two projects
A229: Workstation cables
A230: SATA cables
A231: Denver WIFI Cam 4K ACK-8060W | B231: SL2 | C231: 2 | D231: 2
A232: Dell Metal Parts | B232: SL1 | C232: 1 | D232: 2
A233: PC case cables | B233: SL1 | C233: 1 | D233: 3
A234: Storage units holders? | B234: SL1 | C234: 2 | D234: 1
A235: Earthing Plugs | B235: SL1 | C235: 2 | D235: 2
A236: PC motherboard Cables | B236: SL1 | C236: 2 | D236: 3
A237: WaveShare RACER AI Kit | B237: SL1 | C237: 3 | D237: 1
A238: Workstation components? | B238: SL1 | C238: 4 | D238: 1
A239: Thrustmaster PS3 wheel | B239: SL1 | C239: 4 | D239: 2
A240: Arduino RGB shield | B240: C2 | C240: 3 | D240: 3

Sheet Inventory
A1: Inventory — Items
A2: Item Name | B2: Code / Barcode | C2: Available Qty | D2: Bin | E2: Closet | F2: Condition | G2: Notes | H2: Total Qty
A3: Dell Docking cord | C3: =IF(A3="","",H3-SUMPRODUCT(('Checkout Log'!$A$3:$A$302=A3)*('Checkout Log'!$K$3:$K$302<>"Returned")*N('Checkout Log'!$B$3:$B$302))) -> 10 | D3: Dell docking Cord | E3: =IF(D3="","",IFERROR(VLOOKUP(D3,Bins!$A:$B,2,0),"—")) -> C1 | F3: Unknown | H3: 10
A4: Ethernet Cables | C4: =IF(A4="","",H4-SUMPRODUCT(('Checkout Log'!$A$3:$A$302=A4)*('Checkout Log'!$K$3:$K$302<>"Returned")*N('Checkout Log'!$B$3:$B$302))) -> 10 | D4: Ethernet Cables | E4: =IF(D4="","",IFERROR(VLOOKUP(D4,Bins!$A:$B,2,0),"—")) -> C1 | F4: Unknown | H4: 10
A5: 3.5 mm Jack | C5: =IF(A5="","",H5-SUMPRODUCT(('Checkout Log'!$A$3:$A$302=A5)*('Checkout Log'!$K$3:$K$302<>"Returned")*N('Checkout Log'!$B$3:$B$302))) -> 16 | D5: 3.5 mm Jack | E5: =IF(D5="","",IFERROR(VLOOKUP(D5,Bins!$A:$B,2,0),"—")) -> C1 | F5: Unknown | H5: 16
A6: USB Type B 2.0 | C6: =IF(A6="","",H6-SUMPRODUCT(('Checkout Log'!$A$3:$A$302=A6)*('Checkout Log'!$K$3:$K$302<>"Returned")*N('Checkout Log'!$B$3:$B$302))) -> 30 | D6: USB Type B 2.0 | E6: =IF(D6="","",IFERROR(VLOOKUP(D6,Bins!$A:$B,2,0),"—")) -> C6 | F6: Unknown | H6: 30
A7: Dell Laptops | C7: =IF(A7="","",H7-SUMPRODUCT(('Checkout Log'!$A$3:$A$302=A7)*('Checkout Log'!$K$3:$K$302<>"Returned")*N('Checkout Log'!$B$3:$B$302))) -> 2 | D7: Dell Laptops | E7: =IF(D7="","",IFERROR(VLOOKUP(D7,Bins!$A:$B,2,0),"—")) -> C1 | F7: Unknown | H7: 2
A8: Wired Keyboard HP H3CS3AA DE | C8: =IF(A8="","",H8-SUMPRODUCT(('Checkout Log'!$A$3:$A$302=A8)*('Checkout Log'!$K$3:$K$302<>"Returned")*N('Checkout Log'!$B$3:$B$302))) -> 2 | D8: Wired Keyboard DE | E8: =IF(D8="","",IFERROR(VLOOKUP(D8,Bins!$A:$B,2,0),"—")) -> C1 | F8: Unknown | H8: 2
A9: Wired Keyboard DELL KB216t DE | C9: =IF(A9="","",H9-SUMPRODUCT(('Checkout Log'!$A$3:$A$302=A9)*('Checkout Log'!$K$3:$K$302<>"Returned")*N('Checkout Log'!$B$3:$B$302))) -> 6 | D9: Wired Keyboard DE | E9: =IF(D9="","",IFERROR(VLOOKUP(D9,Bins!$A:$B,2,0),"—")) -> C1 | F9: Unknown | H9: 6
A10: Wired Keyboard Fujitsu KB 410 C DE | C10: =IF(A10="","",H10-SUMPRODUCT(('Checkout Log'!$A$3:$A$302=A10)*('Checkout Log'!$K$3:$K$302<>"Returned")*N('Checkout Log'!$B$3:$B$302))) -> 1 | D10: Wired Keyboard DE | E10: =IF(D10="","",IFERROR(VLOOKUP(D10,Bins!$A:$B,2,0),"—")) -> C1 | F10: Unknown | H10: 1
A11: Wired Keyboard CHERRY KC 6000 SLIM DE | C11: =IF(A11="","",H11-SUMPRODUCT(('Checkout Log'!$A$3:$A$302=A11)*('Checkout Log'!$K$3:$K$302<>"Returned")*N('Checkout Log'!$B$3:$B$302))) -> 4 | D11: Wired Keyboard DE | E11: =IF(D11="","",IFERROR(VLOOKUP(D11,Bins!$A:$B,2,0),"—")) -> C1 | F11: Unknown | H11: 4
A12: Varta CR20250 Lithum Cell 3v battery | C12: =IF(A12="","",H12-SUMPRODUCT(('Checkout Log'!$A$3:$A$302=A12)*('Checkout Log'!$K$3:$K$302<>"Returned")*N('Checkout Log'!$B$3:$B$302))) -> 11 | D12: Lithium Coin Cells mix | E12: =IF(D12="","",IFERROR(VLOOKUP(D12,Bins!$A:$B,2,0),"—")) -> C2 | F12: Unknown | H12: 11
A13: Varta V13GA/LR44 Lithum Cell 1.5v Battery | C13: =IF(A13="","",H13-SUMPRODUCT(('Checkout Log'!$A$3:$A$302=A13)*('Checkout Log'!$K$3:$K$302<>"Returned")*N('Checkout Log'!$B$3:$B$302))) -> 5 | D13: Lithium Coin Cells mix | E13: =IF(D13="","",IFERROR(VLOOKUP(D13,Bins!$A:$B,2,0),"—")) -> C2 | F13: Unknown | H13: 5
A14: Long Red Boxes | C14: =IF(A14="","",H14-SUMPRODUCT(('Checkout Log'!$A$3:$A$302=A14)*('Checkout Log'!$K$3:$K$302<>"Returned")*N('Checkout Log'!$B$3:$B$302))) -> 20 | D14: Long Red Boxes | E14: =IF(D14="","",IFERROR(VLOOKUP(D14,Bins!$A:$B,2,0),"—")) -> C7 | F14: Unknown | H14: 20
... A39: Battery storage ENEROID EN 10LI | C39: =IF(A39="","",H39-SUMPRODUCT(('Checkout Log'!$A$3:$A$302=A39)*('Checkout Log'!$K$3:$K$302<>"Returned")*N('Checkout Log'!$B$3:$B$302))) -> 5 | D39: Battery Storage ENEROID | E39: =IF(D39="","",IFERROR(VLOOKUP(D39,Bins!$A:$B,2,0),"—")) -> C2 | F39: Unknown | H39: 5
A40: STM32F756 Nucleo-144 Microcontroller | C40: =IF(A40="","",H40-SUMPRODUCT(('Checkout Log'!$A$3:$A$302=A40)*('Checkout Log'!$K$3:$K$302<>"Returned")*N('Checkout Log'!$B$3:$B$302))) -> 2 | D40: STM 32 Microcontrollers | E40: =IF(D40="","",IFERROR(VLOOKUP(D40,Bins!$A:$B,2,0),"—")) -> C2 | F40: Unknown | G40: 2 rented by Narmada | H40: 4
A41: STM32F411 Nucleo-64 Microcontroller | C41: =IF(A41="","",H41-SUMPRODUCT(('Checkout Log'!$A$3:$A$302=A41)*('Checkout Log'!$K$3:$K$302<>"Returned")*N('Checkout Log'!$B$3:$B$302))) -> 2 | D41: STM 32 Microcontrollers | E41: =IF(D41="","",IFERROR(VLOOKUP(D41,Bins!$A:$B,2,0),"—")) -> C2 | F41: Unknown | H41: 2
A42: STM32F030 Nucleo-64 Microcontroller | C42: =IF(A42="","",H42-SUMPRODUCT(('Checkout Log'!$A$3:$A$302=A42)*('Checkout Log'!$K$3:$K$302<>"Returned")*N('Checkout Log'!$B$3:$B$302))) -> 1 | D42: STM 32 Microcontrollers | E42: =IF(D42="","",IFERROR(VLOOKUP(D42,Bins!$A:$B,2,0),"—")) -> C2 | F42: Unknown | H42: 1
A43: STM32L152 Nucleo-64 Microcontroller | C43: =IF(A43="","",H43-SUMPRODUCT(('Checkout Log'!$A$3:$A$302=A43)*('Checkout Log'!$K$3:$K$302<>"Returned")*N('Checkout Log'!$B$3:$B$302))) -> 5 | D43: STM 32 Microcontrollers | E43: =IF(D43="","",IFERROR(VLOOKUP(D43,Bins!$A:$B,2,0),"—")) -> C2 | F43: Unknown | H43: 5
A44: TinyPICO ESP32 Dev board Microcontroller | C44: =IF(A44="","",H44-SUMPRODUCT(('Checkout Log'!$A$3:$A$302=A44)*('Checkout Log'!$K$3:$K$302<>"Returned")*N('Checkout Log'!$B$3:$B$302))) -> 25 | D44: Small ESP 32 Microcontrollers | E44: =IF(D44="","",IFERROR(VLOOKUP(D44,Bins!$A:$B,2,0),"—")) -> C2 | F44: Unknown | H44: 25
A45: Teensy 4.0 32 bit Microcontroller | C45: =IF(A45="","",H45-SUMPRODUCT(('Checkout Log'!$A$3:$A$302=A45)*('Checkout Log'!$K$3:$K$302<>"Returned")*N('Checkout Log'!$B$3:$B$302))) -> 9 | D45: Small ESP 32 Microcontrollers | E45: =IF(D45="","",IFERROR(VLOOKUP(D45,Bins!$A:$B,2,0),"—")) -> C2 | F45: Unknown | H45: 9
A46: veleman-kit RGB SHIELD FOR ARDUINO | C46: =IF(A46="","",H46-SUMPRODUCT(('Checkout Log'!$A$3:$A$302=A46)*('Checkout Log'!$K$3:$K$302<>"Returned")*N('Checkout Log'!$B$3:$B$302))) -> 10 | D46: RGB Shield For Arduino | E46: =IF(D46="","",IFERROR(VLOOKUP(D46,Bins!$A:$B,2,0),"—")) -> 0 | F46: Unknown | H46: 10
A47: TRU components, Spade connector set 260pc | C47: =IF(A47="","",H47-SUMPRODUCT(('Checkout Log'!$A$3:$A$302=A47)*('Checkout Log'!$K$3:$K$302<>"Returned")*N('Checkout Log'!$B$3:$B$302))) -> 2 | E47: =IF(D47="","",IFERROR(VLOOKUP(D47,Bins!$A:$B,2,0),"—")) | F47: Unknown | H47: 2
A48: TRU components Crimp/Heat-sink connector assortment 382 pc. | C48: =IF(A48="","",H48-SUMPRODUCT(('Checkout Log'!$A$3:$A$302=A48)*('Checkout Log'!$K$3:$K$302<>"Returned")*N('Checkout Log'!$B$3:$B$302))) -> 1 | D48: Connectors and wiring | E48: =IF(D48="","",IFERROR(VLOOKUP(D48,Bins!$A:$B,2,0),"—")) -> C2 | F48: Unknown | H48: 1
A49: Conrad Crimp connector set 450 pc. | C49: =IF(A49="","",H49-SUMPRODUCT(('Checkout Log'!$A$3:$A$302=A49)*('Checkout Log'!$K$3:$K$302<>"Returned")*N('Checkout Log'!$B$3:$B$302))) -> 1 | D49: Connectors and wiring | E49: =IF(D49="","",IFERROR(VLOOKUP(D49,Bins!$A:$B,2,0),"—")) -> C2 | F49: Unknown | H49: 1
A50: Conrad Wiring set 350 pc. | C50: =IF(A50="","",H50-SUMPRODUCT(('Checkout Log'!$A$3:$A$302=A50)*('Checkout Log'!$K$3:$K$302<>"Returned")*N('Checkout Log'!$B$3:$B$302))) -> 0 | D50: Connectors and wiring | E50: =IF(D50="","",IFERROR(VLOOKUP(D50,Bins!$A:$B,2,0),"—")) -> C2 | F50: Unknown | H50: 0
A51: STM32MP157C-DK2 Microcontroller | C51: =IF(A51="","",H51-SUMPRODUCT(('Checkout Log'!$A$3:$A$302=A51)*('Checkout Log'!$K$3:$K$302<>"Returned")*N('Checkout Log'!$B$3:$B$302))) -> 0 | D51: STM 32 Microcontrollers | E51: =IF(D51="","",IFERROR(VLOOKUP(D51,Bins!$A:$B,2,0),"—")) -> C2 | F51: Unknown | G51: 3 rented by shehan (project work) | H51: 3
A52: SUNON small fan DC12V | C52: =IF(A52="","",H52-SUMPRODUCT(('Checkout Log'!$A$3:$A$302=A52)*('Checkout Log'!$K$3:$K$302<>"Returned")*N('Checkout Log'!$B$3:$B$302))) -> 1 | D52: Small fan/Small Electric Lock/L298N/DC-DC Boost module | E52: =IF(D52="","",IFERROR(VLOOKUP(D52,Bins!$A:$B,2,0),"—")) -> C3 | F52: Unknown | H52: 1
A53: Small Electric Lock | C53: =IF(A53="","",H53-SUMPRODUCT(('Checkout Log'!$A$3:$A$302=A53)*('Checkout Log'!$K$3:$K$302<>"Returned")*N('Checkout Log'!$B$3:$B$302))) -> 0 | D53: Small fan/Small Electric Lock/L298N/DC-DC Boost module | E53: =IF(D53="","",IFERROR(VLOOKUP(D53,Bins!$A:$B,2,0),"—")) -> C3 | F53: Unknown | H53: 0
A54: L298N Motor Driver | C54: =IF(A54="","",H54-SUMPRODUCT(('Checkout Log'!$A$3:$A$302=A54)*('Checkout Log'!$K$3:$K$302<>"Returned")*N('Checkout Log'!$B$3:$B$302))) -> 5 | D54: Small fan/Small Electric Lock/L298N/DC-DC Boost module | E54: =IF(D54="","",IFERROR(VLOOKUP(D54,Bins!$A:$B,2,0),"—")) -> C3 | F54: Unknown | H54: 5
A55: velleman DC-DC Converter VMA403 | C55: =IF(A55="","",H55-SUMPRODUCT(('Checkout Log'!$A$3:$A$302=A55)*('Checkout Log'!$K$3:$K$302<>"Returned")*N('Checkout Log'!$B$3:$B$302))) -> 2 | D55: Small fan/Small Electric Lock/L298N/DC-DC Boost module | E55: =IF(D55="","",IFERROR(VLOOKUP(D55,Bins!$A:$B,2,0),"—")) -> C3 | F55: Unknown | H55: 2
A56: MegaPi Microcontroller | C56: =IF(A56="","",H56-SUMPRODUCT(('Checkout Log'!$A$3:$A$302=A56)*('Checkout Log'!$K$3:$K$302<>"Returned")*N('Checkout Log'!$B$3:$B$302))) -> 2 | D56: MegaPI with motors/ Arduino Motor Shield Rev3/ATmega328PB Xplained Mini/ velleman Motor and Power Shield/ pcDUINO | E56: =IF(D56="","",IFERROR(VLOOKUP(D56,Bins!$A:$B,2,0),"—")) -> C3 | F56: Unknown | H56: 2
A57: MakeBlock 25mm DC Encoder motor 9V | C57: =IF(A57="","",H57-SUMPRODUCT(('Checkout Log'!$A$3:$A$302=A57)*('Checkout Log'!$K$3:$K$302<>"Returned")*N('Checkout Log'!$B$3:$B$302))) -> 2 | D57: MegaPI with motors/ Arduino Motor Shield Rev3/ATmega328PB Xplained Mini/ velleman Motor and Power Shield/ pcDUINO | E57: =IF(D57="","",IFERROR(VLOOKUP(D57,Bins!$A:$B,2,0),"—")) -> C3 | F57: Unknown | H57: 2
A58: Arduino MOTOR SHIELD Rev 4 Microcontroller | C58: =IF(A58="","",H58-SUMPRODUCT(('Checkout Log'!$A$3:$A$302=A58)*('Checkout Log'!$K$3:$K$302<>"Returned")*N('Checkout Log'!$B$3:$B$302))) -> 2 | D58: MegaPI with motors/ Arduino Motor Shield Rev3/ATmega328PB Xplained Mini/ velleman Motor and Power Shield/ pcDUINO | E58: =IF(D58="","",IFERROR(VLOOKUP(D58,Bins!$A:$B,2,0),"—")) -> C3 | F58: Unknown | H58: 2
A59: Tmega328PB Xplained Mini | C59: =IF(A59="","",H59-SUMPRODUCT(('Checkout Log'!$A$3:$A$302=A59)*('Checkout Log'!$K$3:$K$302<>"Returned")*N('Checkout Log'!$B$3:$B$302))) -> 2 | D59: MegaPI with motors/ Arduino Motor Shield Rev3/ATmega328PB Xplained Mini/ velleman Motor and Power Shield/ pcDUINO | E59: =IF(D59="","",IFERROR(VLOOKUP(D59,Bins!$A:$B,2,0),"—")) -> C3 | F59: Unknown | H59: 2
A60: Velleman Motor and Power Shield | C60: =IF(A60="","",H60-SUMPRODUCT(('Checkout Log'!$A$3:$A$302=A60)*('Checkout Log'!$K$3:$K$302<>"Returned")*N('Checkout Log'!$B$3:$B$302))) -> 2 | D60: MegaPI with motors/ Arduino Motor Shield Rev3/ATmega328PB Xplained Mini/ velleman Motor and Power Shield/ pcDUINO | E60: =IF(D60="","",IFERROR(VLOOKUP(D60,Bins!$A:$B,2,0),"—")) -> C3 | F60: Unknown | H60: 2
A61: pcDUINO | C61: =IF(A61="","",H61-SUMPRODUCT(('Checkout Log'!$A$3:$A$302=A61)*('Checkout Log'!$K$3:$K$302<>"Returned")*N('Checkout Log'!$B$3:$B$302))) -> 0 | D61: MegaPI with motors/ Arduino Motor Shield Rev3/ATmega328PB Xplained Mini/ velleman Motor and Power Shield/ pcDUINO | E61: =IF(D61="","",IFERROR(VLOOKUP(D61,Bins!$A:$B,2,0),"—")) -> C3 | F61: Unknown | H61: 0
A62: Round Force Sensor FSR402 | C62: =IF(A62="","",H62-SUMPRODUCT(('Checkout Log'!$A$3:$A$302=A62)*('Checkout Log'!$K$3:$K$302<>"Returned")*N('Checkout Log'!$B$3:$B$302))) -> 0 | D62: Round Force Sensor FSR402/DHT21/Infrared Remote | E62: =IF(D62="","",IFERROR(VLOOKUP(D62,Bins!$A:$B,2,0),"—")) -> C3 | F62: Unknown | H62: 0
A63: DHT21 Analog humidity sensor | C63: =IF(A63="","",H63-SUMPRODUCT(('Checkout Log'!$A$3:$A$302=A63)*('Checkout Log'!$K$3:$K$302<>"Returned")*N('Checkout Log'!$B$3:$B$302))) -> 5 | D63: Round Force Sensor FSR402/DHT21/Infrared Remote | E63: =IF(D63="","",IFERROR(VLOOKUP(D63,Bins!$A:$B,2,0),"—")) -> C3 | F63: Unknown | H63: 5
... A87: Debo LED RGBY K855396 | C87: =IF(A87="","",H87-SUMPRODUCT(('Checkout Log'!$A$3:$A$302=A87)*('Checkout Log'!$K$3:$K$302<>"Returned")*N('Checkout Log'!$B$3:$B$302))) -> 46 | D87: Debo LED RGBY | E87: =IF(D87="","",IFERROR(VLOOKUP(D87,Bins!$A:$B,2,0),"—")) -> C3 | F87: Unknown | H87: 46
A88: Servo Motor S35+XF | C88: =IF(A88="","",H88-SUMPRODUCT(('Checkout Log'!$A$3:$A$302=A88)*('Checkout Log'!$K$3:$K$302<>"Returned")*N('Checkout Log'!$B$3:$B$302))) -> 1 | D88: Servo Motors | E88: =IF(D88="","",IFERROR(VLOOKUP(D88,Bins!$A:$B,2,0),"—")) -> C3 | F88: Unknown | G88: two rented by MD AKram (for ELA Project) | H88: 3
A89: Servo motor Blue cheap one | C89: =IF(A89="","",H89-SUMPRODUCT(('Checkout Log'!$A$3:$A$302=A89)*('Checkout Log'!$K$3:$K$302<>"Returned")*N('Checkout Log'!$B$3:$B$302))) -> 1 | D89: Servo Motors | E89: =IF(D89="","",IFERROR(VLOOKUP(D89,Bins!$A:$B,2,0),"—")) -> C3 | F89: Unknown | H89: 1
A90: Accelerometer & gyroscope grove LSM6DS3 | C90: =IF(A90="","",H90-SUMPRODUCT(('Checkout Log'!$A$3:$A$302=A90)*('Checkout Log'!$K$3:$K$302<>"Returned")*N('Checkout Log'!$B$3:$B$302))) -> 10 | D90: Accelerometer & gyroscope | E90: =IF(D90="","",IFERROR(VLOOKUP(D90,Bins!$A:$B,2,0),"—")) -> C3 | F90: Unknown | H90: 10
A91: Greethga Ferrit ring | C91: =IF(A91="","",H91-SUMPRODUCT(('Checkout Log'!$A$3:$A$302=A91)*('Checkout Log'!$K$3:$K$302<>"Returned")*N('Checkout Log'!$B$3:$B$302))) -> 2 | D91: 433 Mhz Sender and reciever/ Microchip Cufflinks/Greethga (ferrit ring) | E91: =IF(D91="","",IFERROR(VLOOKUP(D91,Bins!$A:$B,2,0),"—")) -> C3 | F91: Unknown | H91: 2
A92: MX-05V 433MHz Sender (square one) | C92: =IF(A92="","",H92-SUMPRODUCT(('Checkout Log'!$A$3:$A$302=A92)*('Checkout Log'!$K$3:$K$302<>"Returned")*N('Checkout Log'!$B$3:$B$302))) -> 55 | D92: 433 Mhz Sender and reciever/ Microchip Cufflinks/Greethga (ferrit ring) | E92: =IF(D92="","",IFERROR(VLOOKUP(D92,Bins!$A:$B,2,0),"—")) -> C3 | F92: Unknown | H92: 55
A93: MX-05V 433MHz Reciever (long one) | C93: =IF(A93="","",H93-SUMPRODUCT(('Checkout Log'!$A$3:$A$302=A93)*('Checkout Log'!$K$3:$K$302<>"Returned")*N('Checkout Log'!$B$3:$B$302))) -> 55 | D93: 433 Mhz Sender and reciever/ Microchip Cufflinks/Greethga (ferrit ring) | E93: =IF(D93="","",IFERROR(VLOOKUP(D93,Bins!$A:$B,2,0),"—")) -> C3 | F93: Unknown | H93: 55
A94: Microchip cufflings *maybe | C94: =IF(A94="","",H94-SUMPRODUCT(('Checkout Log'!$A$3:$A$302=A94)*('Checkout Log'!$K$3:$K$302<>"Returned")*N('Checkout Log'!$B$3:$B$302))) -> 1 | D94: 433 Mhz Sender and reciever/ Microchip Cufflinks/Greethga (ferrit ring) | E94: =IF(D94="","",IFERROR(VLOOKUP(D94,Bins!$A:$B,2,0),"—")) -> C3 | F94: Unknown | G94: I really dk | H94: 1
A95: Rotary encoder/5-pin-potentiometer with button KY-040 | C95: =IF(A95="","",H95-SUMPRODUCT(('Checkout Log'!$A$3:$A$302=A95)*('Checkout Log'!$K$3:$K$302<>"Returned")*N('Checkout Log'!$B$3:$B$302))) -> 23 | D95: Potentiomers | E95: =IF(D95="","",IFERROR(VLOOKUP(D95,Bins!$A:$B,2,0),"—")) -> C3 | F95: Unknown | H95: 23
A96: Rotary encoder/3-pin-potentiometer KB45039 | C96: =IF(A96="","",H96-SUMPRODUCT(('Checkout Log'!$A$3:$A$302=A96)*('Checkout Log'!$K$3:$K$302<>"Returned")*N('Checkout Log'!$B$3:$B$302))) -> 18 | D96: Potentiomers | E96: =IF(D96="","",IFERROR(VLOOKUP(D96,Bins!$A:$B,2,0),"—")) -> C3 | F96: Unknown | H96: 18
A97: Rotary encoder/3-pin-potentiometer B10K | C97: =IF(A97="","",H97-SUMPRODUCT(('Checkout Log'!$A$3:$A$302=A97)*('Checkout Log'!$K$3:$K$302<>"Returned")*N('Checkout Log'!$B$3:$B$302))) -> 5 | D97: Potentiomers | E97: =IF(D97="","",IFERROR(VLOOKUP(D97,Bins!$A:$B,2,0),"—")) -> C3 | F97: Unknown | H97: 5
A98: Flame Sensor SE060 | C98: =IF(A98="","",H98-SUMPRODUCT(('Checkout Log'!$A$3:$A$302=A98)*('Checkout Log'!$K$3:$K$302<>"Returned")*N('Checkout Log'!$B$3:$B$302))) -> 39 | D98: Flame Sensor | E98: =IF(D98="","",IFERROR(VLOOKUP(D98,Bins!$A:$B,2,0),"—")) -> C3 | F98: Unknown | H98: 39
A99: Passive Buzzers | C99: =IF(A99="","",H99-SUMPRODUCT(('Checkout Log'!$A$3:$A$302=A99)*('Checkout Log'!$K$3:$K$302<>"Returned")*N('Checkout Log'!$B$3:$B$302))) -> 23 | D99: Passive Buzzers | E99: =IF(D99="","",IFERROR(VLOOKUP(D99,Bins!$A:$B,2,0),"—")) -> C3 | F99: Unknown | H99: 23
A100: Active Buzzer KB845755 | C100: =IF(A100="","",H100-SUMPRODUCT(('Checkout Log'!$A$3:$A$302=A100)*('Checkout Log'!$K$3:$K$302<>"Returned")*N('Checkout Log'!$B$3:$B$302))) -> 23 | D100: Active Buzzer | E100: =IF(D100="","",IFERROR(VLOOKUP(D100,Bins!$A:$B,2,0),"—")) -> C3 | F100: Unknown | H100: 23
A101: Digital Temperature sensor KY-028 | C101: =IF(A101="","",H101-SUMPRODUCT(('Checkout Log'!$A$3:$A$302=A101)*('Checkout Log'!$K$3:$K$302<>"Returned")*N('Checkout Log'!$B$3:$B$302))) -> 12 | D101: Digital temp Sensor | E101: =IF(D101="","",IFERROR(VLOOKUP(D101,Bins!$A:$B,2,0),"—")) -> C3 | F101: Unknown | H101: 12
A102: Reed Module KY-025 | C102: =IF(A102="","",H102-SUMPRODUCT(('Checkout Log'!$A$3:$A$302=A102)*('Checkout Log'!$K$3:$K$302<>"Returned")*N('Checkout Log'!$B$3:$B$302))) -> 21 | D102: Reed switch | E102: =IF(D102="","",IFERROR(VLOOKUP(D102,Bins!$A:$B,2,0),"—")) -> C3 | F102: Unknown | H102: 21
A103: Mini Magnet Reed Module KY-021 | C103: =IF(A103="","",H103-SUMPRODUCT(('Checkout Log'!$A$3:$A$302=A103)*('Checkout Log'!$K$3:$K$302<>"Returned")*N('Checkout Log'!$B$3:$B$302))) -> 12 | D103: Mini Reed Module | E103: =IF(D103="","",IFERROR(VLOOKUP(D103,Bins!$A:$B,2,0),"—")) -> C3 | F103: Unknown | H103: 12
A104: Microphone sound sensor module KY-038 | C104: =IF(A104="","",H104-SUMPRODUCT(('Checkout Log'!$A$3:$A$302=A104)*('Checkout Log'!$K$3:$K$302<>"Returned")*N('Checkout Log'!$B$3:$B$302))) -> 16 | D104: Small Sound | E104: =IF(D104="","",IFERROR(VLOOKUP(D104,Bins!$A:$B,2,0),"—")) -> C3 | F104: Unknown | H104: 16
A105: Tilt Switch module KY-020 | C105: =IF(A105="","",H105-SUMPRODUCT(('Checkout Log'!$A$3:$A$302=A105)*('Checkout Log'!$K$3:$K$302<>"Returned")*N('Checkout Log'!$B$3:$B$302))) -> 18 | D105: Tilt switch | E105: =IF(D105="","",IFERROR(VLOOKUP(D105,Bins!$A:$B,2,0),"—")) -> C3 | F105: Unknown | H105: 18
A106: Linear magnetic hall sensor KY-024 | C106: =IF(A106="","",H106-SUMPRODUCT(('Checkout Log'!$A$3:$A$302=A106)*('Checkout Log'!$K$3:$K$302<>"Returned")*N('Checkout Log'!$B$3:$B$302))) -> 8 | D106: Hall Sensor | E106: =IF(D106="","",IFERROR(VLOOKUP(D106,Bins!$A:$B,2,0),"—")) -> C3 | F106: Unknown | H106: 8
... A133: Joystick KY-023 | C133: =IF(A133="","",H133-SUMPRODUCT(('Checkout Log'!$A$3:$A$302=A133)*('Checkout Log'!$K$3:$K$302<>"Returned")*N('Checkout Log'!$B$3:$B$302))) -> 19 | D133: Joystick | E133: =IF(D133="","",IFERROR(VLOOKUP(D133,Bins!$A:$B,2,0),"—")) -> C3 | F133: Unknown | H133: 19
A134: Temperature sensor | C134: =IF(A134="","",H134-SUMPRODUCT(('Checkout Log'!$A$3:$A$302=A134)*('Checkout Log'!$K$3:$K$302<>"Returned")*N('Checkout Log'!$B$3:$B$302))) -> 13 | D134: Temperature sensor | E134: =IF(D134="","",IFERROR(VLOOKUP(D134,Bins!$A:$B,2,0),"—")) -> C3 | F134: Unknown | G134: No other identifiers | H134: 13
A135: Lightblocking Sensor KY-010 | C135: =IF(A135="","",H135-SUMPRODUCT(('Checkout Log'!$A$3:$A$302=A135)*('Checkout Log'!$K$3:$K$302<>"Returned")*N('Checkout Log'!$B$3:$B$302))) -> 17 | D135: Light blocking Sensor | E135: =IF(D135="","",IFERROR(VLOOKUP(D135,Bins!$A:$B,2,0),"—")) -> C3 | F135: Unknown | H135: 17
A136: Magic light Cup KY-027 | C136: =IF(A136="","",H136-SUMPRODUCT(('Checkout Log'!$A$3:$A$302=A136)*('Checkout Log'!$K$3:$K$302<>"Returned")*N('Checkout Log'!$B$3:$B$302))) -> 17 | D136: Magic light Cup | E136: =IF(D136="","",IFERROR(VLOOKUP(D136,Bins!$A:$B,2,0),"—")) -> C3 | F136: Unknown | H136: 17
A137: Knock Sensor module KY-031 | C137: =IF(A137="","",H137-SUMPRODUCT(('Checkout Log'!$A$3:$A$302=A137)*('Checkout Log'!$K$3:$K$302<>"Returned")*N('Checkout Log'!$B$3:$B$302))) -> 13 | D137: Knock sensor | E137: =IF(D137="","",IFERROR(VLOOKUP(D137,Bins!$A:$B,2,0),"—")) -> C3 | F137: Unknown | H137: 13
A138: Slide Potentiometer | C138: =IF(A138="","",H138-SUMPRODUCT(('Checkout Log'!$A$3:$A$302=A138)*('Checkout Log'!$K$3:$K$302<>"Returned")*N('Checkout Log'!$B$3:$B$302))) -> 16 | D138: Slide Potentiometer | E138: =IF(D138="","",IFERROR(VLOOKUP(D138,Bins!$A:$B,2,0),"—")) -> C3 | F138: Unknown | H138: 16
A139: 4 relay module | C139: =IF(A139="","",H139-SUMPRODUCT(('Checkout Log'!$A$3:$A$302=A139)*('Checkout Log'!$K$3:$K$302<>"Returned")*N('Checkout Log'!$B$3:$B$302))) -> 18 | D139: 4 Relay Module | E139: =IF(D139="","",IFERROR(VLOOKUP(D139,Bins!$A:$B,2,0),"—")) -> C3 | F139: Unknown | H139: 18
A140: Arduino Base shield | C140: =IF(A140="","",H140-SUMPRODUCT(('Checkout Log'!$A$3:$A$302=A140)*('Checkout Log'!$K$3:$K$302<>"Returned")*N('Checkout Log'!$B$3:$B$302))) -> 10 | D140: Arduino Base shield | E140: =IF(D140="","",IFERROR(VLOOKUP(D140,Bins!$A:$B,2,0),"—")) -> C3 | F140: Unknown | H140: 10
A141: XBee Bluetooth module HC-05/HC-06 | C141: =IF(A141="","",H141-SUMPRODUCT(('Checkout Log'!$A$3:$A$302=A141)*('Checkout Log'!$K$3:$K$302<>"Returned")*N('Checkout Log'!$B$3:$B$302))) -> 18 | D141: BlueTooth XBee | E141: =IF(D141="","",IFERROR(VLOOKUP(D141,Bins!$A:$B,2,0),"—")) -> C3 | F141: Unknown | H141: 18
A142: I2C LCD 2x16 | C142: =IF(A142="","",H142-SUMPRODUCT(('Checkout Log'!$A$3:$A$302=A142)*('Checkout Log'!$K$3:$K$302<>"Returned")*N('Checkout Log'!$B$3:$B$302))) -> 3 | D142: I2C LCD 2x16 | E142: =IF(D142="","",IFERROR(VLOOKUP(D142,Bins!$A:$B,2,0),"—")) -> C3 | F142: Unknown | H142: 3
A143: Makershop Bluetooth module ZS-040 | C143: =IF(A143="","",H143-SUMPRODUCT(('Checkout Log'!$A$3:$A$302=A143)*('Checkout Log'!$K$3:$K$302<>"Returned")*N('Checkout Log'!$B$3:$B$302))) -> 30 | D143: Bluetooth Modules | E143: =IF(D143="","",IFERROR(VLOOKUP(D143,Bins!$A:$B,2,0),"—")) -> C3 | F143: Unknown | H143: 30
A144: CBS-MotoDriver2 HW-95 | C144: =IF(A144="","",H144-SUMPRODUCT(('Checkout Log'!$A$3:$A$302=A144)*('Checkout Log'!$K$3:$K$302<>"Returned")*N('Checkout Log'!$B$3:$B$302))) -> 11 | D144: CBS-MotoDriver2 | E144: =IF(D144="","",IFERROR(VLOOKUP(D144,Bins!$A:$B,2,0),"—")) -> C3 | F144: Unknown | H144: 11
A145: Geared Motors 12V | C145: =IF(A145="","",H145-SUMPRODUCT(('Checkout Log'!$A$3:$A$302=A145)*('Checkout Log'!$K$3:$K$302<>"Returned")*N('Checkout Log'!$B$3:$B$302))) -> 15 | D145: Geared Motors 12V | E145: =IF(D145="","",IFERROR(VLOOKUP(D145,Bins!$A:$B,2,0),"—")) -> C3 | F145: Unknown | H145: 15
A146: Flight Control Sensor GY-86 | C146: =IF(A146="","",H146-SUMPRODUCT(('Checkout Log'!$A$3:$A$302=A146)*('Checkout Log'!$K$3:$K$302<>"Returned")*N('Checkout Log'!$B$3:$B$302))) -> 1 | D146: Flight Control Sensor/Segment Display/ Barometer (High accuracy) | E146: =IF(D146="","",IFERROR(VLOOKUP(D146,Bins!$A:$B,2,0),"—")) -> C3 | F146: Unknown | H146: 1
... A148: Barometer (High accuracy) | C148: =IF(A148="","",H148-SUMPRODUCT(('Checkout Log'!$A$3:$A$302=A148)*('Checkout Log'!$K$3:$K$302<>"Returned")*N('Checkout Log'!$B$3:$B$302))) -> 3 | D148: Flight Control Sensor/Segment Display/ Barometer (High accuracy) | E148: =IF(D148="","",IFERROR(VLOOKUP(D148,Bins!$A:$B,2,0),"—")) -> C3 | F148: Unknown | H148: 3
A149: IR sensor KY-032 | C149: =IF(A149="","",H149-SUMPRODUCT(('Checkout Log'!$A$3:$A$302=A149)*('Checkout Log'!$K$3:$K$302<>"Returned")*N('Checkout Log'!$B$3:$B$302))) -> 34 | D149: Avoid | E149: =IF(D149="","",IFERROR(VLOOKUP(D149,Bins!$A:$B,2,0),"—")) -> C3 | F149: Unknown | G149: 2 rented by Narmada | H149: 34
A150: Tracking sensor KY-033 | C150: =IF(A150="","",H150-SUMPRODUCT(('Checkout Log'!$A$3:$A$302=A150)*('Checkout Log'!$K$3:$K$302<>"Returned")*N('Checkout Log'!$B$3:$B$302))) -> 7 | D150: Tracking Sensor | E150: =IF(D150="","",IFERROR(VLOOKUP(D150,Bins!$A:$B,2,0),"—")) -> C3 | F150: Unknown | H150: 7
A151: 2.4 tft Display Uno Module | C151: =IF(A151="","",H151-SUMPRODUCT(('Checkout Log'!$A$3:$A$302=A151)*('Checkout Log'!$K$3:$K$302<>"Returned")*N('Checkout Log'!$B$3:$B$302))) -> 4 | D151: 2.4 tft Display Uno Module | E151: =IF(D151="","",IFERROR(VLOOKUP(D151,Bins!$A:$B,2,0),"—")) -> C3 | F151: Unknown | H151: 4
A152: Soil Humidity Sensor | C152: =IF(A152="","",H152-SUMPRODUCT(('Checkout Log'!$A$3:$A$302=A152)*('Checkout Log'!$K$3:$K$302<>"Returned")*N('Checkout Log'!$B$3:$B$302))) -> 10 | D152: Soil Humidity Sensor/GPS NEO-6M Reciever Module/Laser PING 2m Range Finder | E152: =IF(D152="","",IFERROR(VLOOKUP(D152,Bins!$A:$B,2,0),"—")) -> C3 | F152: Unknown | H152: 10
A153: GPS NEO-6M Reciever Module | C153: =IF(A153="","",H153-SUMPRODUCT(('Checkout Log'!$A$3:$A$302=A153)*('Checkout Log'!$K$3:$K$302<>"Returned")*N('Checkout Log'!$B$3:$B$302))) -> 1 | D153: Soil Humidity Sensor/GPS NEO-6M Reciever Module/Laser PING 2m Range Finder | E153: =IF(D153="","",IFERROR(VLOOKUP(D153,Bins!$A:$B,2,0),"—")) -> C3 | F153: Unknown | H153: 1
A154: Laser Ping 2m Range finder | C154: =IF(A154="","",H154-SUMPRODUCT(('Checkout Log'!$A$3:$A$302=A154)*('Checkout Log'!$K$3:$K$302<>"Returned")*N('Checkout Log'!$B$3:$B$302))) -> 8 | D154: Soil Humidity Sensor/GPS NEO-6M Reciever Module/Laser PING 2m Range Finder | E154: =IF(D154="","",IFERROR(VLOOKUP(D154,Bins!$A:$B,2,0),"—")) -> C3 | F154: Unknown | H154: 8
A155: USB Power Detector | C155: =IF(A155="","",H155-SUMPRODUCT(('Checkout Log'!$A$3:$A$302=A155)*('Checkout Log'!$K$3:$K$302<>"Returned")*N('Checkout Log'!$B$3:$B$302))) -> 5 | D155: USB Power Detector/Tilt switch/RFID Reader Chip | E155: =IF(D155="","",IFERROR(VLOOKUP(D155,Bins!$A:$B,2,0),"—")) -> C3 | F155: Unknown | H155: 5
A156: Micro Switch TO415 | C156: =IF(A156="","",H156-SUMPRODUCT(('Checkout Log'!$A$3:$A$302=A156)*('Checkout Log'!$K$3:$K$302<>"Returned")*N('Checkout Log'!$B$3:$B$302))) -> 2 | D156: USB Power Detector/Tilt switch/RFID Reader Chip | E156: =IF(D156="","",IFERROR(VLOOKUP(D156,Bins!$A:$B,2,0),"—")) -> C3 | F156: Unknown | H156: 2
A157: RFID Reader chip | C157: =IF(A157="","",H157-SUMPRODUCT(('Checkout Log'!$A$3:$A$302=A157)*('Checkout Log'!$K$3:$K$302<>"Returned")*N('Checkout Log'!$B$3:$B$302))) -> 3 | D157: USB Power Detector/Tilt switch/RFID Reader Chip | E157: =IF(D157="","",IFERROR(VLOOKUP(D157,Bins!$A:$B,2,0),"—")) -> C3 | F157: Unknown | H157: 3
A158: LED ring | C158: =IF(A158="","",H158-SUMPRODUCT(('Checkout Log'!$A$3:$A$302=A158)*('Checkout Log'!$K$3:$K$302<>"Returned")*N('Checkout Log'!$B$3:$B$302))) -> 1 | D158: LED Ring 5V RGB/ Keyes Ball Switch/ Voltage Translator | E158: =IF(D158="","",IFERROR(VLOOKUP(D158,Bins!$A:$B,2,0),"—")) -> C3 | F158: Unknown | H158: 1
A159: Keyes Ball Switch SE023 | C159: =IF(A159="","",H159-SUMPRODUCT(('Checkout Log'!$A$3:$A$302=A159)*('Checkout Log'!$K$3:$K$302<>"Returned")*N('Checkout Log'!$B$3:$B$302))) -> 0 | D159: LED Ring 5V RGB/ Keyes Ball Switch/ Voltage Translator | E159: =IF(D159="","",IFERROR(VLOOKUP(D159,Bins!$A:$B,2,0),"—")) -> C3 | F159: Unknown | H159: 0
A160: Voltage translator KY-051 | C160: =IF(A160="","",H160-SUMPRODUCT(('Checkout Log'!$A$3:$A$302=A160)*('Checkout Log'!$K$3:$K$302<>"Returned")*N('Checkout Log'!$B$3:$B$302))) -> 0 | D160: LED Ring 5V RGB/ Keyes Ball Switch/ Voltage Translator | E160: =IF(D160="","",IFERROR(VLOOKUP(D160,Bins!$A:$B,2,0),"—")) -> C3 | F160: Unknown | H160: 0
A161: AREXX WIRELESS APC-220 Kit | C161: =IF(A161="","",H161-SUMPRODUCT(('Checkout Log'!$A$3:$A$302=A161)*('Checkout Log'!$K$3:$K$302<>"Returned")*N('Checkout Log'!$B$3:$B$302))) -> 6 | D161: AREXX WIRELESS APC-220 Kit | E161: =IF(D161="","",IFERROR(VLOOKUP(D161,Bins!$A:$B,2,0),"—")) -> C3 | F161: Unknown | H161: 6
... A182: Goobay 3 - 12 V Universal Power Supply 67951 | C182: =IF(A182="","",H182-SUMPRODUCT(('Checkout Log'!$A$3:$A$302=A182)*('Checkout Log'!$K$3:$K$302<>"Returned")*N('Checkout Log'!$B$3:$B$302))) -> 4 | D182: Power Supply (5V-24V) | E182: =IF(D182="","",IFERROR(VLOOKUP(D182,Bins!$A:$B,2,0),"—")) -> C2 | F182: Unknown | H182: 4
A183: Goobay 12V supply 5.5x2.1mm plug 64977 | C183: =IF(A183="","",H183-SUMPRODUCT(('Checkout Log'!$A$3:$A$302=A183)*('Checkout Log'!$K$3:$K$302<>"Returned")*N('Checkout Log'!$B$3:$B$302))) -> 18 | D183: Goobay Power Supply 12V | E183: =IF(D183="","",IFERROR(VLOOKUP(D183,Bins!$A:$B,2,0),"—")) -> SL2 | F183: Unknown | G183: (also in: Goobay Power Supply 12V) | H183: 18
A184: MeanWell Power Supply 5V GST25E05-P1J | C184: =IF(A184="","",H184-SUMPRODUCT(('Checkout Log'!$A$3:$A$302=A184)*('Checkout Log'!$K$3:$K$302<>"Returned")*N('Checkout Log'!$B$3:$B$302))) -> 28 | D184: Power Supply (5V-24V) | E184: =IF(D184="","",IFERROR(VLOOKUP(D184,Bins!$A:$B,2,0),"—")) -> C2 | F184: Unknown | H184: 28
A185: Acoustic panel | C185: =IF(A185="","",H185-SUMPRODUCT(('Checkout Log'!$A$3:$A$302=A185)*('Checkout Log'!$K$3:$K$302<>"Returned")*N('Checkout Log'!$B$3:$B$302))) -> 18 | D185: Acoustic panels | E185: =IF(D185="","",IFERROR(VLOOKUP(D185,Bins!$A:$B,2,0),"—")) -> SL5 | F185: Unknown | H185: 18
A186: ARD R3 DIP PRECISION Empty boxes | C186: =IF(A186="","",H186-SUMPRODUCT(('Checkout Log'!$A$3:$A$302=A186)*('Checkout Log'!$K$3:$K$302<>"Returned")*N('Checkout Log'!$B$3:$B$302))) -> 70 | D186: Empty Joy-IT R3DIP-P Microcontroller boxes | E186: =IF(D186="","",IFERROR(VLOOKUP(D186,Bins!$A:$B,2,0),"—")) -> SL4 | F186: Unknown | H186: 70
A187: ARD R3 DIP PRECISION | C187: =IF(A187="","",H187-SUMPRODUCT(('Checkout Log'!$A$3:$A$302=A187)*('Checkout Log'!$K$3:$K$302<>"Returned")*N('Checkout Log'!$B$3:$B$302))) -> 27 | E187: =IF(D187="","",IFERROR(VLOOKUP(D187,Bins!$A:$B,2,0),"—")) | F187: Unknown | H187: 27
A188: Arduino Nano ESP32 | C188: =IF(A188="","",H188-SUMPRODUCT(('Checkout Log'!$A$3:$A$302=A188)*('Checkout Log'!$K$3:$K$302<>"Returned")*N('Checkout Log'!$B$3:$B$302))) -> 4 | D188: Arduino microcontrollers (Official) | E188: =IF(D188="","",IFERROR(VLOOKUP(D188,Bins!$A:$B,2,0),"—")) -> SL4 | F188: Unknown | H188: 4
A189: Arduino Due | C189: =IF(A189="","",H189-SUMPRODUCT(('Checkout Log'!$A$3:$A$302=A189)*('Checkout Log'!$K$3:$K$302<>"Returned")*N('Checkout Log'!$B$3:$B$302))) -> 9 | D189: Arduino microcontrollers (Official) | E189: =IF(D189="","",IFERROR(VLOOKUP(D189,Bins!$A:$B,2,0),"—")) -> SL4 | F189: Unknown | H189: 9
A190: Arduino Mega 2560 | C190: =IF(A190="","",H190-SUMPRODUCT(('Checkout Log'!$A$3:$A$302=A190)*('Checkout Log'!$K$3:$K$302<>"Returned")*N('Checkout Log'!$B$3:$B$302))) -> 9 | D190: Microcontrollers | E190: =IF(D190="","",IFERROR(VLOOKUP(D190,Bins!$A:$B,2,0),"—")) -> SL4 | F190: Unknown | G190: (also in: Microcontrollers) | H190: 9
A191: SainSmart Mega 2560 Microcontroller | C191: =IF(A191="","",H191-SUMPRODUCT(('Checkout Log'!$A$3:$A$302=A191)*('Checkout Log'!$K$3:$K$302<>"Returned")*N('Checkout Log'!$B$3:$B$302))) -> 11 | D191: Microcontrollers | E191: =IF(D191="","",IFERROR(VLOOKUP(D191,Bins!$A:$B,2,0),"—")) -> SL4 | F191: Unknown | H191: 11
A192: Arduino UNO | C192: =IF(A192="","",H192-SUMPRODUCT(('Checkout Log'!$A$3:$A$302=A192)*('Checkout Log'!$K$3:$K$302<>"Returned")*N('Checkout Log'!$B$3:$B$302))) -> 6 | D192: Arduino microcontrollers (Official) | E192: =IF(D192="","",IFERROR(VLOOKUP(D192,Bins!$A:$B,2,0),"—")) -> SL4 | F192: Unknown | H192: 6
A193: Arduino Motor Shield | C193: =IF(A193="","",H193-SUMPRODUCT(('Checkout Log'!$A$3:$A$302=A193)*('Checkout Log'!$K$3:$K$302<>"Returned")*N('Checkout Log'!$B$3:$B$302))) -> 16 | D193: Arduino microcontrollers (Official) | E193: =IF(D193="","",IFERROR(VLOOKUP(D193,Bins!$A:$B,2,0),"—")) -> SL4 | F193: Unknown | H193: 16
A194: Arduino MKR ETH Shield | C194: =IF(A194="","",H194-SUMPRODUCT(('Checkout Log'!$A$3:$A$302=A194)*('Checkout Log'!$K$3:$K$302<>"Returned")*N('Checkout Log'!$B$3:$B$302))) -> 3 | D194: Arduino microcontrollers (Official) | E194: =IF(D194="","",IFERROR(VLOOKUP(D194,Bins!$A:$B,2,0),"—")) -> SL4 | F194: Unknown | H194: 3
...

Sheet Checkout Log
A1: Checkout Log — Borrowing Events
A2: Item Name | B2: Qty | C2: Bin | D2: Closet | E2: Borrower Name | F2: Student/Staff ID | G2: SHK (processed by) | H2: Checkout Date | I2: Expected Return | J2: Returned Date | K2: Return Condition | L2: Status
A3: STM32F756 Nucleo-144 Microcontroller | B3: 2 | C3: =IF(A3="","",IFERROR(VLOOKUP(A3,Inventory!$A:$D,4,0),"—")) -> STM 32 Microcontrollers | D3: =IF(A3="","",IFERROR(VLOOKUP(A3,Inventory!$A:$E,5,0),"—")) -> C2 | E3: Narmada | L3: Checked Out
A4: STM32MP157C-DK2 Microcontroller | B4: 3 | C4: =IF(A4="","",IFERROR(VLOOKUP(A4,Inventory!$A:$D,4,0),"—")) -> STM 32 Microcontrollers | D4: =IF(A4="","",IFERROR(VLOOKUP(A4,Inventory!$A:$E,5,0),"—")) -> C2 | E4: Shehan | L4: Checked Out
A5: BitCraze CrazyFlie drone kit | B5: 1 | C5: =IF(A5="","",IFERROR(VLOOKUP(A5,Inventory!$A:$D,4,0),"—")) -> BitCraze CrazyFlie drone kit | D5: =IF(A5="","",IFERROR(VLOOKUP(A5,Inventory!$A:$E,5,0),"—")) -> SL2 | E5: domenic Drechsel | L5: Checked Out
A6: Servo Motor S35+XF | B6: 2 | C6: =IF(A6="","",IFERROR(VLOOKUP(A6,Inventory!$A:$D,4,0),"—")) -> Servo Motors | D6: =IF(A6="","",IFERROR(VLOOKUP(A6,Inventory!$A:$E,5,0),"—")) -> C3 | E6: MD Akram | L6: Checked Out
C7: =IF(A7="","",IFERROR(VLOOKUP(A7,Inventory!$A:$D,4,0),"—")) | D7: =IF(A7="","",IFERROR(VLOOKUP(A7,Inventory!$A:$E,5,0),"—"))
C8: =IF(A8="","",IFERROR(VLOOKUP(A8,Inventory!$A:$D,4,0),"—")) | D8: =IF(A8="","",IFERROR(VLOOKUP(A8,Inventory!$A:$E,5,0),"—"))
C9: =IF(A9="","",IFERROR(VLOOKUP(A9,Inventory!$A:$D,4,0),"—")) | D9: =IF(A9="","",IFERROR(VLOOKUP(A9,Inventory!$A:$E,5,0),"—"))
C10: =IF(A10="","",IFERROR(VLOOKUP(A10,Inventory!$A:$D,4,0),"—")) | D10: =IF(A10="","",IFERROR(VLOOKUP(A10,Inventory!$A:$E,5,0),"—"))
C11: =IF(A11="","",IFERROR(VLOOKUP(A11,Inventory!$A:$D,4,0),"—")) | D11: =IF(A11="","",IFERROR(VLOOKUP(A11,Inventory!$A:$E,5,0),"—"))
C12: =IF(A12="","",IFERROR(VLOOKUP(A12,Inventory!$A:$D,4,0),"—")) | D12: =IF(A12="","",IFERROR(VLOOKUP(A12,Inventory!$A:$E,5,0),"—"))
C13: =IF(A13="","",IFERROR(VLOOKUP(A13,Inventory!$A:$D,4,0),"—")) | D13: =IF(A13="","",IFERROR(VLOOKUP(A13,Inventory!$A:$E,5,0),"—"))
C14: =IF(A14="","",IFERROR(VLOOKUP(A14,Inventory!$A:$D,4,0),"—")) | D14: =IF(A14="","",IFERROR(VLOOKUP(A14,Inventory!$A:$E,5,0),"—"))
C15: =IF(A15="","",IFERROR(VLOOKUP(A15,Inventory!$A:$D,4,0),"—")) | D15: =IF(A15="","",IFERROR(VLOOKUP(A15,Inventory!$A:$E,5,0),"—"))
C16: =IF(A16="","",IFERROR(VLOOKUP(A16,Inventory!$A:$D,4,0),"—")) | D16: =IF(A16="","",IFERROR(VLOOKUP(A16,Inventory!$A:$E,5,0),"—"))
C17: =IF(A17="","",IFERROR(VLOOKUP(A17,Inventory!$A:$D,4,0),"—")) | D17: =IF(A17="","",IFERROR(VLOOKUP(A17,Inventory!$A:$E,5,0),"—"))
C18: =IF(A18="","",IFERROR(VLOOKUP(A18,Inventory!$A:$D,4,0),"—")) | D18: =IF(A18="","",IFERROR(VLOOKUP(A18,Inventory!$A:$E,5,0),"—"))
... C31: =IF(A31="","",IFERROR(VLOOKUP(A31,Inventory!$A:$D,4,0),"—")) | D31: =IF(A31="","",IFERROR(VLOOKUP(A31,Inventory!$A:$E,5,0),"—"))
C32: =IF(A32="","",IFERROR(VLOOKUP(A32,Inventory!$A:$D,4,0),"—"))
C33: =IF(A33="","",IFERROR(VLOOKUP(A33,Inventory!$A:$D,4,0),"—")) | D33: =IF(A33="","",IFERROR(VLOOKUP(A33,Inventory!$A:$E,5,0),"—"))
C34: =IF(A34="","",IFERROR(VLOOKUP(A34,Inventory!$A:$D,4,0),"—")) | D34: =IF(A34="","",IFERROR(VLOOKUP(A34,Inventory!$A:$E,5,0),"—"))
C35: =IF(A35="","",IFERROR(VLOOKUP(A35,Inventory!$A:$D,4,0),"—")) | D35: =IF(A35="","",IFERROR(VLOOKUP(A35,Inventory!$A:$E,5,0),"—"))
C36: =IF(A36="","",IFERROR(VLOOKUP(A36,Inventory!$A:$D,4,0),"—")) | D36: =IF(A36="","",IFERROR(VLOOKUP(A36,Inventory!$A:$E,5,0),"—"))
C37: =IF(A37="","",IFERROR(VLOOKUP(A37,Inventory!$A:$D,4,0),"—")) | D37: =IF(A37="","",IFERROR(VLOOKUP(A37,Inventory!$A:$E,5,0),"—"))
C38: =IF(A38="","",IFERROR(VLOOKUP(A38,Inventory!$A:$D,4,0),"—")) | D38: =IF(A38="","",IFERROR(VLOOKUP(A38,Inventory!$A:$E,5,0),"—"))
C39: =IF(A39="","",IFERROR(VLOOKUP(A39,Inventory!$A:$D,4,0),"—")) | D39: =IF(A39="","",IFERROR(VLOOKUP(A39,Inventory!$A:$E,5,0),"—"))
C40: =IF(A40="","",IFERROR(VLOOKUP(A40,Inventory!$A:$D,4,0),"—")) | D40: =IF(A40="","",IFERROR(VLOOKUP(A40,Inventory!$A:$E,5,0),"—"))
C41: =IF(A41="","",IFERROR(VLOOKUP(A41,Inventory!$A:$D,4,0),"—")) | D41: =IF(A41="","",IFERROR(VLOOKUP(A41,Inventory!$A:$E,5,0),"—"))
C42: =IF(A42="","",IFERROR(VLOOKUP(A42,Inventory!$A:$D,4,0),"—")) | D42: =IF(A42="","",IFERROR(VLOOKUP(A42,Inventory!$A:$E,5,0),"—"))
C43: =IF(A43="","",IFERROR(VLOOKUP(A43,Inventory!$A:$D,4,0),"—")) | D43: =IF(A43="","",IFERROR(VLOOKUP(A43,Inventory!$A:$E,5,0),"—"))
C44: =IF(A44="","",IFERROR(VLOOKUP(A44,Inventory!$A:$D,4,0),"—")) | D44: =IF(A44="","",IFERROR(VLOOKUP(A44,Inventory!$A:$E,5,0),"—"))
... C302: =IF(A302="","",IFERROR(VLOOKUP(A302,Inventory!$A:$D,4,0),"—")) | D302: =IF(A302="","",IFERROR(VLOOKUP(A302,Inventory!$A:$E,5,0),"—"))

Sheet Search
A1: Search — Find Any Item
A2: Type item name: | D2: ← type part of an item name; results below update automatically. Leave blank to show everything.
A4: Item Name | B4: Code / Barcode | C4: Qty | D4: Bin | E4: Closet | F4: Condition | G4: Notes
A5: =IFERROR(IF(INDEX(Inventory!A:A,SMALL($H$5:$H$304,1))="","",INDEX(Inventory!A:A,SMALL($H$5:$H$304,1))),"") | B5: =IFERROR(IF(INDEX(Inventory!B:B,SMALL($H$5:$H$304,1))="","",INDEX(Inventory!B:B,SMALL($H$5:$H$304,1))),"") | C5: =IFERROR(IF(INDEX(Inventory!C:C,SMALL($H$5:$H$304,1))="","",INDEX(Inventory!C:C,SMALL($H$5:$H$304,1))),"") | D5: =IFERROR(IF(INDEX(Inventory!D:D,SMALL($H$5:$H$304,1))="","",INDEX(Inventory!D:D,SMALL($H$5:$H$304,1))),"") | E5: =IFERROR(IF(INDEX(Inventory!E:E,SMALL($H$5:$H$304,1))="","",INDEX(Inventory!E:E,SMALL($H$5:$H$304,1))),"") | F5: =IFERROR(IF(INDEX(Inventory!F:F,SMALL($H$5:$H$304,1))="","",INDEX(Inventory!F:F,SMALL($H$5:$H$304,1))),"") | G5: =IFERROR(IF(INDEX(Inventory!G:G,SMALL($H$5:$H$304,1))="","",INDEX(Inventory!G:G,SMALL($H$5:$H$304,1))),"") | H5: =IF(Inventory!A3="","",IF(ISNUMBER(SEARCH($C$2,Inventory!A3)),ROW(Inventory!A3),""))
A6: =IFERROR(IF(INDEX(Inventory!A:A,SMALL($H$5:$H$304,2))="","",INDEX(Inventory!A:A,SMALL($H$5:$H$304,2))),"") | B6: =IFERROR(IF(INDEX(Inventory!B:B,SMALL($H$5:$H$304,2))="","",INDEX(Inventory!B:B,SMALL($H$5:$H$304,2))),"") | C6: =IFERROR(IF(INDEX(Inventory!C:C,SMALL($H$5:$H$304,2))="","",INDEX(Inventory!C:C,SMALL($H$5:$H$304,2))),"") | D6: =IFERROR(IF(INDEX(Inventory!D:D,SMALL($H$5:$H$304,2))="","",INDEX(Inventory!D:D,SMALL($H$5:$H$304,2))),"") | E6: =IFERROR(IF(INDEX(Inventory!E:E,SMALL($H$5:$H$304,2))="","",INDEX(Inventory!E:E,SMALL($H$5:$H$304,2))),"") | F6: =IFERROR(IF(INDEX(Inventory!F:F,SMALL($H$5:$H$304,2))="","",INDEX(Inventory!F:F,SMALL($H$5:$H$304,2))),"") | G6: =IFERROR(IF(INDEX(Inventory!G:G,SMALL($H$5:$H$304,2))="","",INDEX(Inventory!G:G,SMALL($H$5:$H$304,2))),"") | H6: =IF(Inventory!A4="","",IF(ISNUMBER(SEARCH($C$2,Inventory!A4)),ROW(Inventory!A4),""))
A7: =IFERROR(IF(INDEX(Inventory!A:A,SMALL($H$5:$H$304,3))="","",INDEX(Inventory!A:A,SMALL($H$5:$H$304,3))),"") | B7: =IFERROR(IF(INDEX(Inventory!B:B,SMALL($H$5:$H$304,3))="","",INDEX(Inventory!B:B,SMALL($H$5:$H$304,3))),"") | C7: =IFERROR(IF(INDEX(Inventory!C:C,SMALL($H$5:$H$304,3))="","",INDEX(Inventory!C:C,SMALL($H$5:$H$304,3))),"") | D7: =IFERROR(IF(INDEX(Inventory!D:D,SMALL($H$5:$H$304,3))="","",INDEX(Inventory!D:D,SMALL($H$5:$H$304,3))),"") | E7: =IFERROR(IF(INDEX(Inventory!E:E,SMALL($H$5:$H$304,3))="","",INDEX(Inventory!E:E,SMALL($H$5:$H$304,3))),"") | F7: =IFERROR(IF(INDEX(Inventory!F:F,SMALL($H$5:$H$304,3))="","",INDEX(Inventory!F:F,SMALL($H$5:$H$304,3))),"") | G7: =IFERROR(IF(INDEX(Inventory!G:G,SMALL($H$5:$H$304,3))="","",INDEX(Inventory!G:G,SMALL($H$5:$H$304,3))),"") | H7: =IF(Inventory!A5="","",IF(ISNUMBER(SEARCH($C$2,Inventory!A5)),ROW(Inventory!A5),""))
A8: =IFERROR(IF(INDEX(Inventory!A:A,SMALL($H$5:$H$304,4))="","",INDEX(Inventory!A:A,SMALL($H$5:$H$304,4))),"") | B8: =IFERROR(IF(INDEX(Inventory!B:B,SMALL($H$5:$H$304,4))="","",INDEX(Inventory!B:B,SMALL($H$5:$H$304,4))),"") | C8: =IFERROR(IF(INDEX(Inventory!C:C,SMALL($H$5:$H$304,4))="","",INDEX(Inventory!C:C,SMALL($H$5:$H$304,4))),"") | D8: =IFERROR(IF(INDEX(Inventory!D:D,SMALL($H$5:$H$304,4))="","",INDEX(Inventory!D:D,SMALL($H$5:$H$304,4))),"") | E8: =IFERROR(IF(INDEX(Inventory!E:E,SMALL($H$5:$H$304,4))="","",INDEX(Inventory!E:E,SMALL($H$5:$H$304,4))),"") | F8: =IFERROR(IF(INDEX(Inventory!F:F,SMALL($H$5:$H$304,4))="","",INDEX(Inventory!F:F,SMALL($H$5:$H$304,4))),"") | G8: =IFERROR(IF(INDEX(Inventory!G:G,SMALL($H$5:$H$304,4))="","",INDEX(Inventory!G:G,SMALL($H$5:$H$304,4))),"") | H8: =IF(Inventory!A6="","",IF(ISNUMBER(SEARCH($C$2,Inventory!A6)),ROW(Inventory!A6),""))
A9: =IFERROR(IF(INDEX(Inventory!A:A,SMALL($H$5:$H$304,5))="","",INDEX(Inventory!A:A,SMALL($H$5:$H$304,5))),"") | B9: =IFERROR(IF(INDEX(Inventory!B:B,SMALL($H$5:$H$304,5))="","",INDEX(Inventory!B:B,SMALL($H$5:$H$304,5))),"") | C9: =IFERROR(IF(INDEX(Inventory!C:C,SMALL($H$5:$H$304,5))="","",INDEX(Inventory!C:C,SMALL($H$5:$H$304,5))),"") | D9: =IFERROR(IF(INDEX(Inventory!D:D,SMALL($H$5:$H$304,5))="","",INDEX(Inventory!D:D,SMALL($H$5:$H$304,5))),"") | E9: =IFERROR(IF(INDEX(Inventory!E:E,SMALL($H$5:$H$304,5))="","",INDEX(Inventory!E:E,SMALL($H$5:$H$304,5))),"") | F9: =IFERROR(IF(INDEX(Inventory!F:F,SMALL($H$5:$H$304,5))="","",INDEX(Inventory!F:F,SMALL($H$5:$H$304,5))),"") | G9: =IFERROR(IF(INDEX(Inventory!G:G,SMALL($H$5:$H$304,5))="","",INDEX(Inventory!G:G,SMALL($H$5:$H$304,5))),"") | H9: =IF(Inventory!A7="","",IF(ISNUMBER(SEARCH($C$2,Inventory!A7)),ROW(Inventory!A7),""))
A10: =IFERROR(IF(INDEX(Inventory!A:A,SMALL($H$5:$H$304,6))="","",INDEX(Inventory!A:A,SMALL($H$5:$H$304,6))),"") | B10: =IFERROR(IF(INDEX(Inventory!B:B,SMALL($H$5:$H$304,6))="","",INDEX(Inventory!B:B,SMALL($H$5:$H$304,6))),"") | C10: =IFERROR(IF(INDEX(Inventory!C:C,SMALL($H$5:$H$304,6))="","",INDEX(Inventory!C:C,SMALL($H$5:$H$304,6))),"") | D10: =IFERROR(IF(INDEX(Inventory!D:D,SMALL($H$5:$H$304,6))="","",INDEX(Inventory!D:D,SMALL($H$5:$H$304,6))),"") | E10: =IFERROR(IF(INDEX(Inventory!E:E,SMALL($H$5:$H$304,6))="","",INDEX(Inventory!E:E,SMALL($H$5:$H$304,6))),"") | F10: =IFERROR(IF(INDEX(Inventory!F:F,SMALL($H$5:$H$304,6))="","",INDEX(Inventory!F:F,SMALL($H$5:$H$304,6))),"") | G10: =IFERROR(IF(INDEX(Inventory!G:G,SMALL($H$5:$H$304,6))="","",INDEX(Inventory!G:G,SMALL($H$5:$H$304,6))),"") | H10: =IF(Inventory!A8="","",IF(ISNUMBER(SEARCH($C$2,Inventory!A8)),ROW(Inventory!A8),""))
A11: =IFERROR(IF(INDEX(Inventory!A:A,SMALL($H$5:$H$304,7))="","",INDEX(Inventory!A:A,SMALL($H$5:$H$304,7))),"") | B11: =IFERROR(IF(INDEX(Inventory!B:B,SMALL($H$5:$H$304,7))="","",INDEX(Inventory!B:B,SMALL($H$5:$H$304,7))),"") | C11: =IFERROR(IF(INDEX(Inventory!C:C,SMALL($H$5:$H$304,7))="","",INDEX(Inventory!C:C,SMALL($H$5:$H$304,7))),"") | D11: =IFERROR(IF(INDEX(Inventory!D:D,SMALL($H$5:$H$304,7))="","",INDEX(Inventory!D:D,SMALL($H$5:$H$304,7))),"") | E11: =IFERROR(IF(INDEX(Inventory!E:E,SMALL($H$5:$H$304,7))="","",INDEX(Inventory!E:E,SMALL($H$5:$H$304,7))),"") | F11: =IFERROR(IF(INDEX(Inventory!F:F,SMALL($H$5:$H$304,7))="","",INDEX(Inventory!F:F,SMALL($H$5:$H$304,7))),"") | G11: =IFERROR(IF(INDEX(Inventory!G:G,SMALL($H$5:$H$304,7))="","",INDEX(Inventory!G:G,SMALL($H$5:$H$304,7))),"") | H11: =IF(Inventory!A9="","",IF(ISNUMBER(SEARCH($C$2,Inventory!A9)),ROW(Inventory!A9),""))
A12: =IFERROR(IF(INDEX(Inventory!A:A,SMALL($H$5:$H$304,8))="","",INDEX(Inventory!A:A,SMALL($H$5:$H$304,8))),"") | B12: =IFERROR(IF(INDEX(Inventory!B:B,SMALL($H$5:$H$304,8))="","",INDEX(Inventory!B:B,SMALL($H$5:$H$304,8))),"") | C12: =IFERROR(IF(INDEX(Inventory!C:C,SMALL($H$5:$H$304,8))="","",INDEX(Inventory!C:C,SMALL($H$5:$H$304,8))),"") | D12: =IFERROR(IF(INDEX(Inventory!D:D,SMALL($H$5:$H$304,8))="","",INDEX(Inventory!D:D,SMALL($H$5:$H$304,8))),"") | E12: =IFERROR(IF(INDEX(Inventory!E:E,SMALL($H$5:$H$304,8))="","",INDEX(Inventory!E:E,SMALL($H$5:$H$304,8))),"") | F12: =IFERROR(IF(INDEX(Inventory!F:F,SMALL($H$5:$H$304,8))="","",INDEX(Inventory!F:F,SMALL($H$5:$H$304,8))),"") | G12: =IFERROR(IF(INDEX(Inventory!G:G,SMALL($H$5:$H$304,8))="","",INDEX(Inventory!G:G,SMALL($H$5:$H$304,8))),"") | H12: =IF(Inventory!A10="","",IF(ISNUMBER(SEARCH($C$2,Inventory!A10)),ROW(Inventory!A10),""))
A13: =IFERROR(IF(INDEX(Inventory!A:A,SMALL($H$5:$H$304,9))="","",INDEX(Inventory!A:A,SMALL($H$5:$H$304,9))),"") | B13: =IFERROR(IF(INDEX(Inventory!B:B,SMALL($H$5:$H$304,9))="","",INDEX(Inventory!B:B,SMALL($H$5:$H$304,9))),"") | C13: =IFERROR(IF(INDEX(Inventory!C:C,SMALL($H$5:$H$304,9))="","",INDEX(Inventory!C:C,SMALL($H$5:$H$304,9))),"") | D13: =IFERROR(IF(INDEX(Inventory!D:D,SMALL($H$5:$H$304,9))="","",INDEX(Inventory!D:D,SMALL($H$5:$H$304,9))),"") | E13: =IFERROR(IF(INDEX(Inventory!E:E,SMALL($H$5:$H$304,9))="","",INDEX(Inventory!E:E,SMALL($H$5:$H$304,9))),"") | F13: =IFERROR(IF(INDEX(Inventory!F:F,SMALL($H$5:$H$304,9))="","",INDEX(Inventory!F:F,SMALL($H$5:$H$304,9))),"") | G13: =IFERROR(IF(INDEX(Inventory!G:G,SMALL($H$5:$H$304,9))="","",INDEX(Inventory!G:G,SMALL($H$5:$H$304,9))),"") | H13: =IF(Inventory!A11="","",IF(ISNUMBER(SEARCH($C$2,Inventory!A11)),ROW(Inventory!A11),""))
A14: =IFERROR(IF(INDEX(Inventory!A:A,SMALL($H$5:$H$304,10))="","",INDEX(Inventory!A:A,SMALL($H$5:$H$304,10))),"") | B14: =IFERROR(IF(INDEX(Inventory!B:B,SMALL($H$5:$H$304,10))="","",INDEX(Inventory!B:B,SMALL($H$5:$H$304,10))),"") | C14: =IFERROR(IF(INDEX(Inventory!C:C,SMALL($H$5:$H$304,10))="","",INDEX(Inventory!C:C,SMALL($H$5:$H$304,10))),"") | D14: =IFERROR(IF(INDEX(Inventory!D:D,SMALL($H$5:$H$304,10))="","",INDEX(Inventory!D:D,SMALL($H$5:$H$304,10))),"") | E14: =IFERROR(IF(INDEX(Inventory!E:E,SMALL($H$5:$H$304,10))="","",INDEX(Inventory!E:E,SMALL($H$5:$H$304,10))),"") | F14: =IFERROR(IF(INDEX(Inventory!F:F,SMALL($H$5:$H$304,10))="","",INDEX(Inventory!F:F,SMALL($H$5:$H$304,10))),"") | G14: =IFERROR(IF(INDEX(Inventory!G:G,SMALL($H$5:$H$304,10))="","",INDEX(Inventory!G:G,SMALL($H$5:$H$304,10))),"") | H14: =IF(Inventory!A12="","",IF(ISNUMBER(SEARCH($C$2,Inventory!A12)),ROW(Inventory!A12),""))
A15: =IFERROR(IF(INDEX(Inventory!A:A,SMALL($H$5:$H$304,11))="","",INDEX(Inventory!A:A,SMALL($H$5:$H$304,11))),"") | B15: =IFERROR(IF(INDEX(Inventory!B:B,SMALL($H$5:$H$304,11))="","",INDEX(Inventory!B:B,SMALL($H$5:$H$304,11))),"") | C15: =IFERROR(IF(INDEX(Inventory!C:C,SMALL($H$5:$H$304,11))="","",INDEX(Inventory!C:C,SMALL($H$5:$H$304,11))),"") | D15: =IFERROR(IF(INDEX(Inventory!D:D,SMALL($H$5:$H$304,11))="","",INDEX(Inventory!D:D,SMALL($H$5:$H$304,11))),"") | E15: =IFERROR(IF(INDEX(Inventory!E:E,SMALL($H$5:$H$304,11))="","",INDEX(Inventory!E:E,SMALL($H$5:$H$304,11))),"") | F15: =IFERROR(IF(INDEX(Inventory!F:F,SMALL($H$5:$H$304,11))="","",INDEX(Inventory!F:F,SMALL($H$5:$H$304,11))),"") | G15: =IFERROR(IF(INDEX(Inventory!G:G,SMALL($H$5:$H$304,11))="","",INDEX(Inventory!G:G,SMALL($H$5:$H$304,11))),"") | H15: =IF(Inventory!A13="","",IF(ISNUMBER(SEARCH($C$2,Inventory!A13)),ROW(Inventory!A13),""))
A16: =IFERROR(IF(INDEX(Inventory!A:A,SMALL($H$5:$H$304,12))="","",INDEX(Inventory!A:A,SMALL($H$5:$H$304,12))),"") | B16: =IFERROR(IF(INDEX(Inventory!B:B,SMALL($H$5:$H$304,12))="","",INDEX(Inventory!B:B,SMALL($H$5:$H$304,12))),"") | C16: =IFERROR(IF(INDEX(Inventory!C:C,SMALL($H$5:$H$304,12))="","",INDEX(Inventory!C:C,SMALL($H$5:$H$304,12))),"") | D16: =IFERROR(IF(INDEX(Inventory!D:D,SMALL($H$5:$H$304,12))="","",INDEX(Inventory!D:D,SMALL($H$5:$H$304,12))),"") | E16: =IFERROR(IF(INDEX(Inventory!E:E,SMALL($H$5:$H$304,12))="","",INDEX(Inventory!E:E,SMALL($H$5:$H$304,12))),"") | F16: =IFERROR(IF(INDEX(Inventory!F:F,SMALL($H$5:$H$304,12))="","",INDEX(Inventory!F:F,SMALL($H$5:$H$304,12))),"") | G16: =IFERROR(IF(INDEX(Inventory!G:G,SMALL($H$5:$H$304,12))="","",INDEX(Inventory!G:G,SMALL($H$5:$H$304,12))),"") | H16: =IF(Inventory!A14="","",IF(ISNUMBER(SEARCH($C$2,Inventory!A14)),ROW(Inventory!A14),""))
A17: =IFERROR(IF(INDEX(Inventory!A:A,SMALL($H$5:$H$304,13))="","",INDEX(Inventory!A:A,SMALL($H$5:$H$304,13))),"") | B17: =IFERROR(IF(INDEX(Inventory!B:B,SMALL($H$5:$H$304,13))="","",INDEX(Inventory!B:B,SMALL($H$5:$H$304,13))),"") | C17: =IFERROR(IF(INDEX(Inventory!C:C,SMALL($H$5:$H$304,13))="","",INDEX(Inventory!C:C,SMALL($H$5:$H$304,13))),"") | D17: =IFERROR(IF(INDEX(Inventory!D:D,SMALL($H$5:$H$304,13))="","",INDEX(Inventory!D:D,SMALL($H$5:$H$304,13))),"") | E17: =IFERROR(IF(INDEX(Inventory!E:E,SMALL($H$5:$H$304,13))="","",INDEX(Inventory!E:E,SMALL($H$5:$H$304,13))),"") | F17: =IFERROR(IF(INDEX(Inventory!F:F,SMALL($H$5:$H$304,13))="","",INDEX(Inventory!F:F,SMALL($H$5:$H$304,13))),"") | G17: =IFERROR(IF(INDEX(Inventory!G:G,SMALL($H$5:$H$304,13))="","",INDEX(Inventory!G:G,SMALL($H$5:$H$304,13))),"") | H17: =IF(Inventory!A15="","",IF(ISNUMBER(SEARCH($C$2,Inventory!A15)),ROW(Inventory!A15),""))
A18: =IFERROR(IF(INDEX(Inventory!A:A,SMALL($H$5:$H$304,14))="","",INDEX(Inventory!A:A,SMALL($H$5:$H$304,14))),"") | B18: =IFERROR(IF(INDEX(Inventory!B:B,SMALL($H$5:$H$304,14))="","",INDEX(Inventory!B:B,SMALL($H$5:$H$304,14))),"") | C18: =IFERROR(IF(INDEX(Inventory!C:C,SMALL($H$5:$H$304,14))="","",INDEX(Inventory!C:C,SMALL($H$5:$H$304,14))),"") | D18: =IFERROR(IF(INDEX(Inventory!D:D,SMALL($H$5:$H$304,14))="","",INDEX(Inventory!D:D,SMALL($H$5:$H$304,14))),"") | E18: =IFERROR(IF(INDEX(Inventory!E:E,SMALL($H$5:$H$304,14))="","",INDEX(Inventory!E:E,SMALL($H$5:$H$304,14))),"") | F18: =IFERROR(IF(INDEX(Inventory!F:F,SMALL($H$5:$H$304,14))="","",INDEX(Inventory!F:F,SMALL($H$5:$H$304,14))),"") | G18: =IFERROR(IF(INDEX(Inventory!G:G,SMALL($H$5:$H$304,14))="","",INDEX(Inventory!G:G,SMALL($H$5:$H$304,14))),"") | H18: =IF(Inventory!A16="","",IF(ISNUMBER(SEARCH($C$2,Inventory!A16)),ROW(Inventory!A16),""))
A19: =IFERROR(IF(INDEX(Inventory!A:A,SMALL($H$5:$H$304,15))="","",INDEX(Inventory!A:A,SMALL($H$5:$H$304,15))),"") | B19: =IFERROR(IF(INDEX(Inventory!B:B,SMALL($H$5:$H$304,15))="","",INDEX(Inventory!B:B,SMALL($H$5:$H$304,15))),"") | C19: =IFERROR(IF(INDEX(Inventory!C:C,SMALL($H$5:$H$304,15))="","",INDEX(Inventory!C:C,SMALL($H$5:$H$304,15))),"") | D19: =IFERROR(IF(INDEX(Inventory!D:D,SMALL($H$5:$H$304,15))="","",INDEX(Inventory!D:D,SMALL($H$5:$H$304,15))),"") | E19: =IFERROR(IF(INDEX(Inventory!E:E,SMALL($H$5:$H$304,15))="","",INDEX(Inventory!E:E,SMALL($H$5:$H$304,15))),"") | F19: =IFERROR(IF(INDEX(Inventory!F:F,SMALL($H$5:$H$304,15))="","",INDEX(Inventory!F:F,SMALL($H$5:$H$304,15))),"") | G19: =IFERROR(IF(INDEX(Inventory!G:G,SMALL($H$5:$H$304,15))="","",INDEX(Inventory!G:G,SMALL($H$5:$H$304,15))),"") | H19: =IF(Inventory!A17="","",IF(ISNUMBER(SEARCH($C$2,Inventory!A17)),ROW(Inventory!A17),""))
A20: =IFERROR(IF(INDEX(Inventory!A:A,SMALL($H$5:$H$304,16))="","",INDEX(Inventory!A:A,SMALL($H$5:$H$304,16))),"") | B20: =IFERROR(IF(INDEX(Inventory!B:B,SMALL($H$5:$H$304,16))="","",INDEX(Inventory!B:B,SMALL($H$5:$H$304,16))),"") | C20: =IFERROR(IF(INDEX(Inventory!C:C,SMALL($H$5:$H$304,16))="","",INDEX(Inventory!C:C,SMALL($H$5:$H$304,16))),"") | D20: =IFERROR(IF(INDEX(Inventory!D:D,SMALL($H$5:$H$304,16))="","",INDEX(Inventory!D:D,SMALL($H$5:$H$304,16))),"") | E20: =IFERROR(IF(INDEX(Inventory!E:E,SMALL($H$5:$H$304,16))="","",INDEX(Inventory!E:E,SMALL($H$5:$H$304,16))),"") | F20: =IFERROR(IF(INDEX(Inventory!F:F,SMALL($H$5:$H$304,16))="","",INDEX(Inventory!F:F,SMALL($H$5:$H$304,16))),"") | G20: =IFERROR(IF(INDEX(Inventory!G:G,SMALL($H$5:$H$304,16))="","",INDEX(Inventory!G:G,SMALL($H$5:$H$304,16))),"") | H20: =IF(Inventory!A18="","",IF(ISNUMBER(SEARCH($C$2,Inventory!A18)),ROW(Inventory!A18),""))
A21: =IFERROR(IF(INDEX(Inventory!A:A,SMALL($H$5:$H$304,17))="","",INDEX(Inventory!A:A,SMALL($H$5:$H$304,17))),"") | B21: =IFERROR(IF(INDEX(Inventory!B:B,SMALL($H$5:$H$304,17))="","",INDEX(Inventory!B:B,SMALL($H$5:$H$304,17))),"") | C21: =IFERROR(IF(INDEX(Inventory!C:C,SMALL($H$5:$H$304,17))="","",INDEX(Inventory!C:C,SMALL($H$5:$H$304,17))),"") | D21: =IFERROR(IF(INDEX(Inventory!D:D,SMALL($H$5:$H$304,17))="","",INDEX(Inventory!D:D,SMALL($H$5:$H$304,17))),"") | E21: =IFERROR(IF(INDEX(Inventory!E:E,SMALL($H$5:$H$304,17))="","",INDEX(Inventory!E:E,SMALL($H$5:$H$304,17))),"") | F21: =IFERROR(IF(INDEX(Inventory!F:F,SMALL($H$5:$H$304,17))="","",INDEX(Inventory!F:F,SMALL($H$5:$H$304,17))),"") | G21: =IFERROR(IF(INDEX(Inventory!G:G,SMALL($H$5:$H$304,17))="","",INDEX(Inventory!G:G,SMALL($H$5:$H$304,17))),"") | H21: =IF(Inventory!A19="","",IF(ISNUMBER(SEARCH($C$2,Inventory!A19)),ROW(Inventory!A19),""))
A22: =IFERROR(IF(INDEX(Inventory!A:A,SMALL($H$5:$H$304,18))="","",INDEX(Inventory!A:A,SMALL($H$5:$H$304,18))),"") | B22: =IFERROR(IF(INDEX(Inventory!B:B,SMALL($H$5:$H$304,18))="","",INDEX(Inventory!B:B,SMALL($H$5:$H$304,18))),"") | C22: =IFERROR(IF(INDEX(Inventory!C:C,SMALL($H$5:$H$304,18))="","",INDEX(Inventory!C:C,SMALL($H$5:$H$304,18))),"") | D22: =IFERROR(IF(INDEX(Inventory!D:D,SMALL($H$5:$H$304,18))="","",INDEX(Inventory!D:D,SMALL($H$5:$H$304,18))),"") | E22: =IFERROR(IF(INDEX(Inventory!E:E,SMALL($H$5:$H$304,18))="","",INDEX(Inventory!E:E,SMALL($H$5:$H$304,18))),"") | F22: =IFERROR(IF(INDEX(Inventory!F:F,SMALL($H$5:$H$304,18))="","",INDEX(Inventory!F:F,SMALL($H$5:$H$304,18))),"") | G22: =IFERROR(IF(INDEX(Inventory!G:G,SMALL($H$5:$H$304,18))="","",INDEX(Inventory!G:G,SMALL($H$5:$H$304,18))),"") | H22: =IF(Inventory!A20="","",IF(ISNUMBER(SEARCH($C$2,Inventory!A20)),ROW(Inventory!A20),""))
A23: =IFERROR(IF(INDEX(Inventory!A:A,SMALL($H$5:$H$304,19))="","",INDEX(Inventory!A:A,SMALL($H$5:$H$304,19))),"") | B23: =IFERROR(IF(INDEX(Inventory!B:B,SMALL($H$5:$H$304,19))="","",INDEX(Inventory!B:B,SMALL($H$5:$H$304,19))),"") | C23: =IFERROR(IF(INDEX(Inventory!C:C,SMALL($H$5:$H$304,19))="","",INDEX(Inventory!C:C,SMALL($H$5:$H$304,19))),"") | D23: =IFERROR(IF(INDEX(Inventory!D:D,SMALL($H$5:$H$304,19))="","",INDEX(Inventory!D:D,SMALL($H$5:$H$304,19))),"") | E23: =IFERROR(IF(INDEX(Inventory!E:E,SMALL($H$5:$H$304,19))="","",INDEX(Inventory!E:E,SMALL($H$5:$H$304,19))),"") | F23: =IFERROR(IF(INDEX(Inventory!F:F,SMALL($H$5:$H$304,19))="","",INDEX(Inventory!F:F,SMALL($H$5:$H$304,19))),"") | G23: =IFERROR(IF(INDEX(Inventory!G:G,SMALL($H$5:$H$304,19))="","",INDEX(Inventory!G:G,SMALL($H$5:$H$304,19))),"") | H23: =IF(Inventory!A21="","",IF(ISNUMBER(SEARCH($C$2,Inventory!A21)),ROW(Inventory!A21),""))
A24: =IFERROR(IF(INDEX(Inventory!A:A,SMALL($H$5:$H$304,20))="","",INDEX(Inventory!A:A,SMALL($H$5:$H$304,20))),"") | B24: =IFERROR(IF(INDEX(Inventory!B:B,SMALL($H$5:$H$304,20))="","",INDEX(Inventory!B:B,SMALL($H$5:$H$304,20))),"") | C24: =IFERROR(IF(INDEX(Inventory!C:C,SMALL($H$5:$H$304,20))="","",INDEX(Inventory!C:C,SMALL($H$5:$H$304,20))),"") | D24: =IFERROR(IF(INDEX(Inventory!D:D,SMALL($H$5:$H$304,20))="","",INDEX(Inventory!D:D,SMALL($H$5:$H$304,20))),"") | E24: =IFERROR(IF(INDEX(Inventory!E:E,SMALL($H$5:$H$304,20))="","",INDEX(Inventory!E:E,SMALL($H$5:$H$304,20))),"") | F24: =IFERROR(IF(INDEX(Inventory!F:F,SMALL($H$5:$H$304,20))="","",INDEX(Inventory!F:F,SMALL($H$5:$H$304,20))),"") | G24: =IFERROR(IF(INDEX(Inventory!G:G,SMALL($H$5:$H$304,20))="","",INDEX(Inventory!G:G,SMALL($H$5:$H$304,20))),"") | H24: =IF(Inventory!A22="","",IF(ISNUMBER(SEARCH($C$2,Inventory!A22)),ROW(Inventory!A22),""))
A25: =IFERROR(IF(INDEX(Inventory!A:A,SMALL($H$5:$H$304,21))="","",INDEX(Inventory!A:A,SMALL($H$5:$H$304,21))),"") | B25: =IFERROR(IF(INDEX(Inventory!B:B,SMALL($H$5:$H$304,21))="","",INDEX(Inventory!B:B,SMALL($H$5:$H$304,21))),"") | C25: =IFERROR(IF(INDEX(Inventory!C:C,SMALL($H$5:$H$304,21))="","",INDEX(Inventory!C:C,SMALL($H$5:$H$304,21))),"") | D25: =IFERROR(IF(INDEX(Inventory!D:D,SMALL($H$5:$H$304,21))="","",INDEX(Inventory!D:D,SMALL($H$5:$H$304,21))),"") | E25: =IFERROR(IF(INDEX(Inventory!E:E,SMALL($H$5:$H$304,21))="","",INDEX(Inventory!E:E,SMALL($H$5:$H$304,21))),"") | F25: =IFERROR(IF(INDEX(Inventory!F:F,SMALL($H$5:$H$304,21))="","",INDEX(Inventory!F:F,SMALL($H$5:$H$304,21))),"") | G25: =IFERROR(IF(INDEX(Inventory!G:G,SMALL($H$5:$H$304,21))="","",INDEX(Inventory!G:G,SMALL($H$5:$H$304,21))),"") | H25: =IF(Inventory!A23="","",IF(ISNUMBER(SEARCH($C$2,Inventory!A23)),ROW(Inventory!A23),""))
A26: =IFERROR(IF(INDEX(Inventory!A:A,SMALL($H$5:$H$304,22))="","",INDEX(Inventory!A:A,SMALL($H$5:$H$304,22))),"") | B26: =IFERROR(IF(INDEX(Inventory!B:B,SMALL($H$5:$H$304,22))="","",INDEX(Inventory!B:B,SMALL($H$5:$H$304,22))),"") | C26: =IFERROR(IF(INDEX(Inventory!C:C,SMALL($H$5:$H$304,22))="","",INDEX(Inventory!C:C,SMALL($H$5:$H$304,22))),"") | D26: =IFERROR(IF(INDEX(Inventory!D:D,SMALL($H$5:$H$304,22))="","",INDEX(Inventory!D:D,SMALL($H$5:$H$304,22))),"") | E26: =IFERROR(IF(INDEX(Inventory!E:E,SMALL($H$5:$H$304,22))="","",INDEX(Inventory!E:E,SMALL($H$5:$H$304,22))),"") | F26: =IFERROR(IF(INDEX(Inventory!F:F,SMALL($H$5:$H$304,22))="","",INDEX(Inventory!F:F,SMALL($H$5:$H$304,22))),"") | G26: =IFERROR(IF(INDEX(Inventory!G:G,SMALL($H$5:$H$304,22))="","",INDEX(Inventory!G:G,SMALL($H$5:$H$304,22))),"") | H26: =IF(Inventory!A24="","",IF(ISNUMBER(SEARCH($C$2,Inventory!A24)),ROW(Inventory!A24),""))
A27: =IFERROR(IF(INDEX(Inventory!A:A,SMALL($H$5:$H$304,23))="","",INDEX(Inventory!A:A,SMALL($H$5:$H$304,23))),"") | B27: =IFERROR(IF(INDEX(Inventory!B:B,SMALL($H$5:$H$304,23))="","",INDEX(Inventory!B:B,SMALL($H$5:$H$304,23))),"") | C27: =IFERROR(IF(INDEX(Inventory!C:C,SMALL($H$5:$H$304,23))="","",INDEX(Inventory!C:C,SMALL($H$5:$H$304,23))),"") | D27: =IFERROR(IF(INDEX(Inventory!D:D,SMALL($H$5:$H$304,23))="","",INDEX(Inventory!D:D,SMALL($H$5:$H$304,23))),"") | E27: =IFERROR(IF(INDEX(Inventory!E:E,SMALL($H$5:$H$304,23))="","",INDEX(Inventory!E:E,SMALL($H$5:$H$304,23))),"") | F27: =IFERROR(IF(INDEX(Inventory!F:F,SMALL($H$5:$H$304,23))="","",INDEX(Inventory!F:F,SMALL($H$5:$H$304,23))),"") | G27: =IFERROR(IF(INDEX(Inventory!G:G,SMALL($H$5:$H$304,23))="","",INDEX(Inventory!G:G,SMALL($H$5:$H$304,23))),"") | H27: =IF(Inventory!A25="","",IF(ISNUMBER(SEARCH($C$2,Inventory!A25)),ROW(Inventory!A25),""))
A28: =IFERROR(IF(INDEX(Inventory!A:A,SMALL($H$5:$H$304,24))="","",INDEX(Inventory!A:A,SMALL($H$5:$H$304,24))),"") | B28: =IFERROR(IF(INDEX(Inventory!B:B,SMALL($H$5:$H$304,24))="","",INDEX(Inventory!B:B,SMALL($H$5:$H$304,24))),"") | C28: =IFERROR(IF(INDEX(Inventory!C:C,SMALL($H$5:$H$304,24))="","",INDEX(Inventory!C:C,SMALL($H$5:$H$304,24))),"") | D28: =IFERROR(IF(INDEX(Inventory!D:D,SMALL($H$5:$H$304,24))="","",INDEX(Inventory!D:D,SMALL($H$5:$H$304,24))),"") | E28: =IFERROR(IF(INDEX(Inventory!E:E,SMALL($H$5:$H$304,24))="","",INDEX(Inventory!E:E,SMALL($H$5:$H$304,24))),"") | F28: =IFERROR(IF(INDEX(Inventory!F:F,SMALL($H$5:$H$304,24))="","",INDEX(Inventory!F:F,SMALL($H$5:$H$304,24))),"") | G28: =IFERROR(IF(INDEX(Inventory!G:G,SMALL($H$5:$H$304,24))="","",INDEX(Inventory!G:G,SMALL($H$5:$H$304,24))),"") | H28: =IF(Inventory!A26="","",IF(ISNUMBER(SEARCH($C$2,Inventory!A26)),ROW(Inventory!A26),""))
A29: =IFERROR(IF(INDEX(Inventory!A:A,SMALL($H$5:$H$304,25))="","",INDEX(Inventory!A:A,SMALL($H$5:$H$304,25))),"") | B29: =IFERROR(IF(INDEX(Inventory!B:B,SMALL($H$5:$H$304,25))="","",INDEX(Inventory!B:B,SMALL($H$5:$H$304,25))),"") | C29: =IFERROR(IF(INDEX(Inventory!C:C,SMALL($H$5:$H$304,25))="","",INDEX(Inventory!C:C,SMALL($H$5:$H$304,25))),"") | D29: =IFERROR(IF(INDEX(Inventory!D:D,SMALL($H$5:$H$304,25))="","",INDEX(Inventory!D:D,SMALL($H$5:$H$304,25))),"") | E29: =IFERROR(IF(INDEX(Inventory!E:E,SMALL($H$5:$H$304,25))="","",INDEX(Inventory!E:E,SMALL($H$5:$H$304,25))),"") | F29: =IFERROR(IF(INDEX(Inventory!F:F,SMALL($H$5:$H$304,25))="","",INDEX(Inventory!F:F,SMALL($H$5:$H$304,25))),"") | G29: =IFERROR(IF(INDEX(Inventory!G:G,SMALL($H$5:$H$304,25))="","",INDEX(Inventory!G:G,SMALL($H$5:$H$304,25))),"") | H29: =IF(Inventory!A27="","",IF(ISNUMBER(SEARCH($C$2,Inventory!A27)),ROW(Inventory!A27),""))
A30: =IFERROR(IF(INDEX(Inventory!A:A,SMALL($H$5:$H$304,26))="","",INDEX(Inventory!A:A,SMALL($H$5:$H$304,26))),"") | B30: =IFERROR(IF(INDEX(Inventory!B:B,SMALL($H$5:$H$304,26))="","",INDEX(Inventory!B:B,SMALL($H$5:$H$304,26))),"") | C30: =IFERROR(IF(INDEX(Inventory!C:C,SMALL($H$5:$H$304,26))="","",INDEX(Inventory!C:C,SMALL($H$5:$H$304,26))),"") | D30: =IFERROR(IF(INDEX(Inventory!D:D,SMALL($H$5:$H$304,26))="","",INDEX(Inventory!D:D,SMALL($H$5:$H$304,26))),"") | E30: =IFERROR(IF(INDEX(Inventory!E:E,SMALL($H$5:$H$304,26))="","",INDEX(Inventory!E:E,SMALL($H$5:$H$304,26))),"") | F30: =IFERROR(IF(INDEX(Inventory!F:F,SMALL($H$5:$H$304,26))="","",INDEX(Inventory!F:F,SMALL($H$5:$H$304,26))),"") | G30: =IFERROR(IF(INDEX(Inventory!G:G,SMALL($H$5:$H$304,26))="","",INDEX(Inventory!G:G,SMALL($H$5:$H$304,26))),"") | H30: =IF(Inventory!A28="","",IF(ISNUMBER(SEARCH($C$2,Inventory!A28)),ROW(Inventory!A28),""))
A31: =IFERROR(IF(INDEX(Inventory!A:A,SMALL($H$5:$H$304,27))="","",INDEX(Inventory!A:A,SMALL($H$5:$H$304,27))),"") | B31: =IFERROR(IF(INDEX(Inventory!B:B,SMALL($H$5:$H$304,27))="","",INDEX(Inventory!B:B,SMALL($H$5:$H$304,27))),"") | C31: =IFERROR(IF(INDEX(Inventory!C:C,SMALL($H$5:$H$304,27))="","",INDEX(Inventory!C:C,SMALL($H$5:$H$304,27))),"") | D31: =IFERROR(IF(INDEX(Inventory!D:D,SMALL($H$5:$H$304,27))="","",INDEX(Inventory!D:D,SMALL($H$5:$H$304,27))),"") | E31: =IFERROR(IF(INDEX(Inventory!E:E,SMALL($H$5:$H$304,27))="","",INDEX(Inventory!E:E,SMALL($H$5:$H$304,27))),"") | F31: =IFERROR(IF(INDEX(Inventory!F:F,SMALL($H$5:$H$304,27))="","",INDEX(Inventory!F:F,SMALL($H$5:$H$304,27))),"") | G31: =IFERROR(IF(INDEX(Inventory!G:G,SMALL($H$5:$H$304,27))="","",INDEX(Inventory!G:G,SMALL($H$5:$H$304,27))),"") | H31: =IF(Inventory!A29="","",IF(ISNUMBER(SEARCH($C$2,Inventory!A29)),ROW(Inventory!A29),""))
A32: =IFERROR(IF(INDEX(Inventory!A:A,SMALL($H$5:$H$304,28))="","",INDEX(Inventory!A:A,SMALL($H$5:$H$304,28))),"") | B32: =IFERROR(IF(INDEX(Inventory!B:B,SMALL($H$5:$H$304,28))="","",INDEX(Inventory!B:B,SMALL($H$5:$H$304,28))),"") | C32: =IFERROR(IF(INDEX(Inventory!C:C,SMALL($H$5:$H$304,28))="","",INDEX(Inventory!C:C,SMALL($H$5:$H$304,28))),"") | D32: =IFERROR(IF(INDEX(Inventory!D:D,SMALL($H$5:$H$304,28))="","",INDEX(Inventory!D:D,SMALL($H$5:$H$304,28))),"") | E32: =IFERROR(IF(INDEX(Inventory!E:E,SMALL($H$5:$H$304,28))="","",INDEX(Inventory!E:E,SMALL($H$5:$H$304,28))),"") | F32: =IFERROR(IF(INDEX(Inventory!F:F,SMALL($H$5:$H$304,28))="","",INDEX(Inventory!F:F,SMALL($H$5:$H$304,28))),"") | G32: =IFERROR(IF(INDEX(Inventory!G:G,SMALL($H$5:$H$304,28))="","",INDEX(Inventory!G:G,SMALL($H$5:$H$304,28))),"") | H32: =IF(Inventory!A30="","",IF(ISNUMBER(SEARCH($C$2,Inventory!A30)),ROW(Inventory!A30),""))
A33: =IFERROR(IF(INDEX(Inventory!A:A,SMALL($H$5:$H$304,29))="","",INDEX(Inventory!A:A,SMALL($H$5:$H$304,29))),"") | B33: =IFERROR(IF(INDEX(Inventory!B:B,SMALL($H$5:$H$304,29))="","",INDEX(Inventory!B:B,SMALL($H$5:$H$304,29))),"") | C33: =IFERROR(IF(INDEX(Inventory!C:C,SMALL($H$5:$H$304,29))="","",INDEX(Inventory!C:C,SMALL($H$5:$H$304,29))),"") | D33: =IFERROR(IF(INDEX(Inventory!D:D,SMALL($H$5:$H$304,29))="","",INDEX(Inventory!D:D,SMALL($H$5:$H$304,29))),"") | E33: =IFERROR(IF(INDEX(Inventory!E:E,SMALL($H$5:$H$304,29))="","",INDEX(Inventory!E:E,SMALL($H$5:$H$304,29))),"") | F33: =IFERROR(IF(INDEX(Inventory!F:F,SMALL($H$5:$H$304,29))="","",INDEX(Inventory!F:F,SMALL($H$5:$H$304,29))),"") | G33: =IFERROR(IF(INDEX(Inventory!G:G,SMALL($H$5:$H$304,29))="","",INDEX(Inventory!G:G,SMALL($H$5:$H$304,29))),"") | H33: =IF(Inventory!A31="","",IF(ISNUMBER(SEARCH($C$2,Inventory!A31)),ROW(Inventory!A31),""))
A34: =IFERROR(IF(INDEX(Inventory!A:A,SMALL($H$5:$H$304,30))="","",INDEX(Inventory!A:A,SMALL($H$5:$H$304,30))),"") | B34: =IFERROR(IF(INDEX(Inventory!B:B,SMALL($H$5:$H$304,30))="","",INDEX(Inventory!B:B,SMALL($H$5:$H$304,30))),"") | C34: =IFERROR(IF(INDEX(Inventory!C:C,SMALL($H$5:$H$304,30))="","",INDEX(Inventory!C:C,SMALL($H$5:$H$304,30))),"") | D34: =IFERROR(IF(INDEX(Inventory!D:D,SMALL($H$5:$H$304,30))="","",INDEX(Inventory!D:D,SMALL($H$5:$H$304,30))),"") | E34: =IFERROR(IF(INDEX(Inventory!E:E,SMALL($H$5:$H$304,30))="","",INDEX(Inventory!E:E,SMALL($H$5:$H$304,30))),"") | F34: =IFERROR(IF(INDEX(Inventory!F:F,SMALL($H$5:$H$304,30))="","",INDEX(Inventory!F:F,SMALL($H$5:$H$304,30))),"") | G34: =IFERROR(IF(INDEX(Inventory!G:G,SMALL($H$5:$H$304,30))="","",INDEX(Inventory!G:G,SMALL($H$5:$H$304,30))),"") | H34: =IF(Inventory!A32="","",IF(ISNUMBER(SEARCH($C$2,Inventory!A32)),ROW(Inventory!A32),""))
A35: =IFERROR(IF(INDEX(Inventory!A:A,SMALL($H$5:$H$304,31))="","",INDEX(Inventory!A:A,SMALL($H$5:$H$304,31))),"") | B35: =IFERROR(IF(INDEX(Inventory!B:B,SMALL($H$5:$H$304,31))="","",INDEX(Inventory!B:B,SMALL($H$5:$H$304,31))),"") | C35: =IFERROR(IF(INDEX(Inventory!C:C,SMALL($H$5:$H$304,31))="","",INDEX(Inventory!C:C,SMALL($H$5:$H$304,31))),"") | D35: =IFERROR(IF(INDEX(Inventory!D:D,SMALL($H$5:$H$304,31))="","",INDEX(Inventory!D:D,SMALL($H$5:$H$304,31))),"") | E35: =IFERROR(IF(INDEX(Inventory!E:E,SMALL($H$5:$H$304,31))="","",INDEX(Inventory!E:E,SMALL($H$5:$H$304,31))),"") | F35: =IFERROR(IF(INDEX(Inventory!F:F,SMALL($H$5:$H$304,31))="","",INDEX(Inventory!F:F,SMALL($H$5:$H$304,31))),"") | G35: =IFERROR(IF(INDEX(Inventory!G:G,SMALL($H$5:$H$304,31))="","",INDEX(Inventory!G:G,SMALL($H$5:$H$304,31))),"") | H35: =IF(Inventory!A33="","",IF(ISNUMBER(SEARCH($C$2,Inventory!A33)),ROW(Inventory!A33),""))
A36: =IFERROR(IF(INDEX(Inventory!A:A,SMALL($H$5:$H$304,32))="","",INDEX(Inventory!A:A,SMALL($H$5:$H$304,32))),"") | B36: =IFERROR(IF(INDEX(Inventory!B:B,SMALL($H$5:$H$304,32))="","",INDEX(Inventory!B:B,SMALL($H$5:$H$304,32))),"") | C36: =IFERROR(IF(INDEX(Inventory!C:C,SMALL($H$5:$H$304,32))="","",INDEX(Inventory!C:C,SMALL($H$5:$H$304,32))),"") | D36: =IFERROR(IF(INDEX(Inventory!D:D,SMALL($H$5:$H$304,32))="","",INDEX(Inventory!D:D,SMALL($H$5:$H$304,32))),"") | E36: =IFERROR(IF(INDEX(Inventory!E:E,SMALL($H$5:$H$304,32))="","",INDEX(Inventory!E:E,SMALL($H$5:$H$304,32))),"") | F36: =IFERROR(IF(INDEX(Inventory!F:F,SMALL($H$5:$H$304,32))="","",INDEX(Inventory!F:F,SMALL($H$5:$H$304,32))),"") | G36: =IFERROR(IF(INDEX(Inventory!G:G,SMALL($H$5:$H$304,32))="","",INDEX(Inventory!G:G,SMALL($H$5:$H$304,32))),"") | H36: =IF(Inventory!A34="","",IF(ISNUMBER(SEARCH($C$2,Inventory!A34)),ROW(Inventory!A34),""))
A37: =IFERROR(IF(INDEX(Inventory!A:A,SMALL($H$5:$H$304,33))="","",INDEX(Inventory!A:A,SMALL($H$5:$H$304,33))),"") | B37: =IFERROR(IF(INDEX(Inventory!B:B,SMALL($H$5:$H$304,33))="","",INDEX(Inventory!B:B,SMALL($H$5:$H$304,33))),"") | C37: =IFERROR(IF(INDEX(Inventory!C:C,SMALL($H$5:$H$304,33))="","",INDEX(Inventory!C:C,SMALL($H$5:$H$304,33))),"") | D37: =IFERROR(IF(INDEX(Inventory!D:D,SMALL($H$5:$H$304,33))="","",INDEX(Inventory!D:D,SMALL($H$5:$H$304,33))),"") | E37: =IFERROR(IF(INDEX(Inventory!E:E,SMALL($H$5:$H$304,33))="","",INDEX(Inventory!E:E,SMALL($H$5:$H$304,33))),"") | F37: =IFERROR(IF(INDEX(Inventory!F:F,SMALL($H$5:$H$304,33))="","",INDEX(Inventory!F:F,SMALL($H$5:$H$304,33))),"") | G37: =IFERROR(IF(INDEX(Inventory!G:G,SMALL($H$5:$H$304,33))="","",INDEX(Inventory!G:G,SMALL($H$5:$H$304,33))),"") | H37: =IF(Inventory!A35="","",IF(ISNUMBER(SEARCH($C$2,Inventory!A35)),ROW(Inventory!A35),""))
A38: =IFERROR(IF(INDEX(Inventory!A:A,SMALL($H$5:$H$304,34))="","",INDEX(Inventory!A:A,SMALL($H$5:$H$304,34))),"") | B38: =IFERROR(IF(INDEX(Inventory!B:B,SMALL($H$5:$H$304,34))="","",INDEX(Inventory!B:B,SMALL($H$5:$H$304,34))),"") | C38: =IFERROR(IF(INDEX(Inventory!C:C,SMALL($H$5:$H$304,34))="","",INDEX(Inventory!C:C,SMALL($H$5:$H$304,34))),"") | D38: =IFERROR(IF(INDEX(Inventory!D:D,SMALL($H$5:$H$304,34))="","",INDEX(Inventory!D:D,SMALL($H$5:$H$304,34))),"") | E38: =IFERROR(IF(INDEX(Inventory!E:E,SMALL($H$5:$H$304,34))="","",INDEX(Inventory!E:E,SMALL($H$5:$H$304,34))),"") | F38: =IFERROR(IF(INDEX(Inventory!F:F,SMALL($H$5:$H$304,34))="","",INDEX(Inventory!F:F,SMALL($H$5:$H$304,34))),"") | G38: =IFERROR(IF(INDEX(Inventory!G:G,SMALL($H$5:$H$304,34))="","",INDEX(Inventory!G:G,SMALL($H$5:$H$304,34))),"") | H38: =IF(Inventory!A36="","",IF(ISNUMBER(SEARCH($C$2,Inventory!A36)),ROW(Inventory!A36),""))
A39: =IFERROR(IF(INDEX(Inventory!A:A,SMALL($H$5:$H$304,35))="","",INDEX(Inventory!A:A,SMALL($H$5:$H$304,35))),"") | B39: =IFERROR(IF(INDEX(Inventory!B:B,SMALL($H$5:$H$304,35))="","",INDEX(Inventory!B:B,SMALL($H$5:$H$304,35))),"") | C39: =IFERROR(IF(INDEX(Inventory!C:C,SMALL($H$5:$H$304,35))="","",INDEX(Inventory!C:C,SMALL($H$5:$H$304,35))),"") | D39: =IFERROR(IF(INDEX(Inventory!D:D,SMALL($H$5:$H$304,35))="","",INDEX(Inventory!D:D,SMALL($H$5:$H$304,35))),"") | E39: =IFERROR(IF(INDEX(Inventory!E:E,SMALL($H$5:$H$304,35))="","",INDEX(Inventory!E:E,SMALL($H$5:$H$304,35))),"") | F39: =IFERROR(IF(INDEX(Inventory!F:F,SMALL($H$5:$H$304,35))="","",INDEX(Inventory!F:F,SMALL($H$5:$H$304,35))),"") | G39: =IFERROR(IF(INDEX(Inventory!G:G,SMALL($H$5:$H$304,35))="","",INDEX(Inventory!G:G,SMALL($H$5:$H$304,35))),"") | H39: =IF(Inventory!A37="","",IF(ISNUMBER(SEARCH($C$2,Inventory!A37)),ROW(Inventory!A37),""))
A40: =IFERROR(IF(INDEX(Inventory!A:A,SMALL($H$5:$H$304,36))="","",INDEX(Inventory!A:A,SMALL($H$5:$H$304,36))),"") | B40: =IFERROR(IF(INDEX(Inventory!B:B,SMALL($H$5:$H$304,36))="","",INDEX(Inventory!B:B,SMALL($H$5:$H$304,36))),"") | C40: =IFERROR(IF(INDEX(Inventory!C:C,SMALL($H$5:$H$304,36))="","",INDEX(Inventory!C:C,SMALL($H$5:$H$304,36))),"") | D40: =IFERROR(IF(INDEX(Inventory!D:D,SMALL($H$5:$H$304,36))="","",INDEX(Inventory!D:D,SMALL($H$5:$H$304,36))),"") | E40: =IFERROR(IF(INDEX(Inventory!E:E,SMALL($H$5:$H$304,36))="","",INDEX(Inventory!E:E,SMALL($H$5:$H$304,36))),"") | F40: =IFERROR(IF(INDEX(Inventory!F:F,SMALL($H$5:$H$304,36))="","",INDEX(Inventory!F:F,SMALL($H$5:$H$304,36))),"") | G40: =IFERROR(IF(INDEX(Inventory!G:G,SMALL($H$5:$H$304,36))="","",INDEX(Inventory!G:G,SMALL($H$5:$H$304,36))),"") | H40: =IF(Inventory!A38="","",IF(ISNUMBER(SEARCH($C$2,Inventory!A38)),ROW(Inventory!A38),""))
A41: =IFERROR(IF(INDEX(Inventory!A:A,SMALL($H$5:$H$304,37))="","",INDEX(Inventory!A:A,SMALL($H$5:$H$304,37))),"") | B41: =IFERROR(IF(INDEX(Inventory!B:B,SMALL($H$5:$H$304,37))="","",INDEX(Inventory!B:B,SMALL($H$5:$H$304,37))),"") | C41: =IFERROR(IF(INDEX(Inventory!C:C,SMALL($H$5:$H$304,37))="","",INDEX(Inventory!C:C,SMALL($H$5:$H$304,37))),"") | D41: =IFERROR(IF(INDEX(Inventory!D:D,SMALL($H$5:$H$304,37))="","",INDEX(Inventory!D:D,SMALL($H$5:$H$304,37))),"") | E41: =IFERROR(IF(INDEX(Inventory!E:E,SMALL($H$5:$H$304,37))="","",INDEX(Inventory!E:E,SMALL($H$5:$H$304,37))),"") | F41: =IFERROR(IF(INDEX(Inventory!F:F,SMALL($H$5:$H$304,37))="","",INDEX(Inventory!F:F,SMALL($H$5:$H$304,37))),"") | G41: =IFERROR(IF(INDEX(Inventory!G:G,SMALL($H$5:$H$304,37))="","",INDEX(Inventory!G:G,SMALL($H$5:$H$304,37))),"") | H41: =IF(Inventory!A39="","",IF(ISNUMBER(SEARCH($C$2,Inventory!A39)),ROW(Inventory!A39),""))
A42: =IFERROR(IF(INDEX(Inventory!A:A,SMALL($H$5:$H$304,38))="","",INDEX(Inventory!A:A,SMALL($H$5:$H$304,38))),"") | B42: =IFERROR(IF(INDEX(Inventory!B:B,SMALL($H$5:$H$304,38))="","",INDEX(Inventory!B:B,SMALL($H$5:$H$304,38))),"") | C42: =IFERROR(IF(INDEX(Inventory!C:C,SMALL($H$5:$H$304,38))="","",INDEX(Inventory!C:C,SMALL($H$5:$H$304,38))),"") | D42: =IFERROR(IF(INDEX(Inventory!D:D,SMALL($H$5:$H$304,38))="","",INDEX(Inventory!D:D,SMALL($H$5:$H$304,38))),"") | E42: =IFERROR(IF(INDEX(Inventory!E:E,SMALL($H$5:$H$304,38))="","",INDEX(Inventory!E:E,SMALL($H$5:$H$304,38))),"") | F42: =IFERROR(IF(INDEX(Inventory!F:F,SMALL($H$5:$H$304,38))="","",INDEX(Inventory!F:F,SMALL($H$5:$H$304,38))),"") | G42: =IFERROR(IF(INDEX(Inventory!G:G,SMALL($H$5:$H$304,38))="","",INDEX(Inventory!G:G,SMALL($H$5:$H$304,38))),"") | H42: =IF(Inventory!A40="","",IF(ISNUMBER(SEARCH($C$2,Inventory!A40)),ROW(Inventory!A40),""))
A43: =IFERROR(IF(INDEX(Inventory!A:A,SMALL($H$5:$H$304,39))="","",INDEX(Inventory!A:A,SMALL($H$5:$H$304,39))),"") | B43: =IFERROR(IF(INDEX(Inventory!B:B,SMALL($H$5:$H$304,39))="","",INDEX(Inventory!B:B,SMALL($H$5:$H$304,39))),"") | C43: =IFERROR(IF(INDEX(Inventory!C:C,SMALL($H$5:$H$304,39))="","",INDEX(Inventory!C:C,SMALL($H$5:$H$304,39))),"") | D43: =IFERROR(IF(INDEX(Inventory!D:D,SMALL($H$5:$H$304,39))="","",INDEX(Inventory!D:D,SMALL($H$5:$H$304,39))),"") | E43: =IFERROR(IF(INDEX(Inventory!E:E,SMALL($H$5:$H$304,39))="","",INDEX(Inventory!E:E,SMALL($H$5:$H$304,39))),"") | F43: =IFERROR(IF(INDEX(Inventory!F:F,SMALL($H$5:$H$304,39))="","",INDEX(Inventory!F:F,SMALL($H$5:$H$304,39))),"") | G43: =IFERROR(IF(INDEX(Inventory!G:G,SMALL($H$5:$H$304,39))="","",INDEX(Inventory!G:G,SMALL($H$5:$H$304,39))),"") | H43: =IF(Inventory!A41="","",IF(ISNUMBER(SEARCH($C$2,Inventory!A41)),ROW(Inventory!A41),""))
A44: =IFERROR(IF(INDEX(Inventory!A:A,SMALL($H$5:$H$304,40))="","",INDEX(Inventory!A:A,SMALL($H$5:$H$304,40))),"") | B44: =IFERROR(IF(INDEX(Inventory!B:B,SMALL($H$5:$H$304,40))="","",INDEX(Inventory!B:B,SMALL($H$5:$H$304,40))),"") | C44: =IFERROR(IF(INDEX(Inventory!C:C,SMALL($H$5:$H$304,40))="","",INDEX(Inventory!C:C,SMALL($H$5:$H$304,40))),"") | D44: =IFERROR(IF(INDEX(Inventory!D:D,SMALL($H$5:$H$304,40))="","",INDEX(Inventory!D:D,SMALL($H$5:$H$304,40))),"") | E44: =IFERROR(IF(INDEX(Inventory!E:E,SMALL($H$5:$H$304,40))="","",INDEX(Inventory!E:E,SMALL($H$5:$H$304,40))),"") | F44: =IFERROR(IF(INDEX(Inventory!F:F,SMALL($H$5:$H$304,40))="","",INDEX(Inventory!F:F,SMALL($H$5:$H$304,40))),"") | G44: =IFERROR(IF(INDEX(Inventory!G:G,SMALL($H$5:$H$304,40))="","",INDEX(Inventory!G:G,SMALL($H$5:$H$304,40))),"") | H44: =IF(Inventory!A42="","",IF(ISNUMBER(SEARCH($C$2,Inventory!A42)),ROW(Inventory!A42),""))
A45: =IFERROR(IF(INDEX(Inventory!A:A,SMALL($H$5:$H$304,41))="","",INDEX(Inventory!A:A,SMALL($H$5:$H$304,41))),"") | B45: =IFERROR(IF(INDEX(Inventory!B:B,SMALL($H$5:$H$304,41))="","",INDEX(Inventory!B:B,SMALL($H$5:$H$304,41))),"") | C45: =IFERROR(IF(INDEX(Inventory!C:C,SMALL($H$5:$H$304,41))="","",INDEX(Inventory!C:C,SMALL($H$5:$H$304,41))),"") | D45: =IFERROR(IF(INDEX(Inventory!D:D,SMALL($H$5:$H$304,41))="","",INDEX(Inventory!D:D,SMALL($H$5:$H$304,41))),"") | E45: =IFERROR(IF(INDEX(Inventory!E:E,SMALL($H$5:$H$304,41))="","",INDEX(Inventory!E:E,SMALL($H$5:$H$304,41))),"") | F45: =IFERROR(IF(INDEX(Inventory!F:F,SMALL($H$5:$H$304,41))="","",INDEX(Inventory!F:F,SMALL($H$5:$H$304,41))),"") | G45: =IFERROR(IF(INDEX(Inventory!G:G,SMALL($H$5:$H$304,41))="","",INDEX(Inventory!G:G,SMALL($H$5:$H$304,41))),"") | H45: =IF(Inventory!A43="","",IF(ISNUMBER(SEARCH($C$2,Inventory!A43)),ROW(Inventory!A43),""))
A46: =IFERROR(IF(INDEX(Inventory!A:A,SMALL($H$5:$H$304,42))="","",INDEX(Inventory!A:A,SMALL($H$5:$H$304,42))),"") | B46: =IFERROR(IF(INDEX(Inventory!B:B,SMALL($H$5:$H$304,42))="","",INDEX(Inventory!B:B,SMALL($H$5:$H$304,42))),"") | C46: =IFERROR(IF(INDEX(Inventory!C:C,SMALL($H$5:$H$304,42))="","",INDEX(Inventory!C:C,SMALL($H$5:$H$304,42))),"") | D46: =IFERROR(IF(INDEX(Inventory!D:D,SMALL($H$5:$H$304,42))="","",INDEX(Inventory!D:D,SMALL($H$5:$H$304,42))),"") | E46: =IFERROR(IF(INDEX(Inventory!E:E,SMALL($H$5:$H$304,42))="","",INDEX(Inventory!E:E,SMALL($H$5:$H$304,42))),"") | F46: =IFERROR(IF(INDEX(Inventory!F:F,SMALL($H$5:$H$304,42))="","",INDEX(Inventory!F:F,SMALL($H$5:$H$304,42))),"") | G46: =IFERROR(IF(INDEX(Inventory!G:G,SMALL($H$5:$H$304,42))="","",INDEX(Inventory!G:G,SMALL($H$5:$H$304,42))),"") | H46: =IF(Inventory!A44="","",IF(ISNUMBER(SEARCH($C$2,Inventory!A44)),ROW(Inventory!A44),""))
A47: =IFERROR(IF(INDEX(Inventory!A:A,SMALL($H$5:$H$304,43))="","",INDEX(Inventory!A:A,SMALL($H$5:$H$304,43))),"") | B47: =IFERROR(IF(INDEX(Inventory!B:B,SMALL($H$5:$H$304,43))="","",INDEX(Inventory!B:B,SMALL($H$5:$H$304,43))),"") | C47: =IFERROR(IF(INDEX(Inventory!C:C,SMALL($H$5:$H$304,43))="","",INDEX(Inventory!C:C,SMALL($H$5:$H$304,43))),"") | D47: =IFERROR(IF(INDEX(Inventory!D:D,SMALL($H$5:$H$304,43))="","",INDEX(Inventory!D:D,SMALL($H$5:$H$304,43))),"") | E47: =IFERROR(IF(INDEX(Inventory!E:E,SMALL($H$5:$H$304,43))="","",INDEX(Inventory!E:E,SMALL($H$5:$H$304,43))),"") | F47: =IFERROR(IF(INDEX(Inventory!F:F,SMALL($H$5:$H$304,43))="","",INDEX(Inventory!F:F,SMALL($H$5:$H$304,43))),"") | G47: =IFERROR(IF(INDEX(Inventory!G:G,SMALL($H$5:$H$304,43))="","",INDEX(Inventory!G:G,SMALL($H$5:$H$304,43))),"") | H47: =IF(Inventory!A45="","",IF(ISNUMBER(SEARCH($C$2,Inventory!A45)),ROW(Inventory!A45),""))
A48: =IFERROR(IF(INDEX(Inventory!A:A,SMALL($H$5:$H$304,44))="","",INDEX(Inventory!A:A,SMALL($H$5:$H$304,44))),"") | B48: =IFERROR(IF(INDEX(Inventory!B:B,SMALL($H$5:$H$304,44))="","",INDEX(Inventory!B:B,SMALL($H$5:$H$304,44))),"") | C48: =IFERROR(IF(INDEX(Inventory!C:C,SMALL($H$5:$H$304,44))="","",INDEX(Inventory!C:C,SMALL($H$5:$H$304,44))),"") | D48: =IFERROR(IF(INDEX(Inventory!D:D,SMALL($H$5:$H$304,44))="","",INDEX(Inventory!D:D,SMALL($H$5:$H$304,44))),"") | E48: =IFERROR(IF(INDEX(Inventory!E:E,SMALL($H$5:$H$304,44))="","",INDEX(Inventory!E:E,SMALL($H$5:$H$304,44))),"") | F48: =IFERROR(IF(INDEX(Inventory!F:F,SMALL($H$5:$H$304,44))="","",INDEX(Inventory!F:F,SMALL($H$5:$H$304,44))),"") | G48: =IFERROR(IF(INDEX(Inventory!G:G,SMALL($H$5:$H$304,44))="","",INDEX(Inventory!G:G,SMALL($H$5:$H$304,44))),"") | H48: =IF(Inventory!A46="","",IF(ISNUMBER(SEARCH($C$2,Inventory!A46)),ROW(Inventory!A46),""))
A49: =IFERROR(IF(INDEX(Inventory!A:A,SMALL($H$5:$H$304,45))="","",INDEX(Inventory!A:A,SMALL($H$5:$H$304,45))),"") | B49: =IFERROR(IF(INDEX(Inventory!B:B,SMALL($H$5:$H$304,45))="","",INDEX(Inventory!B:B,SMALL($H$5:$H$304,45))),"") | C49: =IFERROR(IF(INDEX(Inventory!C:C,SMALL($H$5:$H$304,45))="","",INDEX(Inventory!C:C,SMALL($H$5:$H$304,45))),"") | D49: =IFERROR(IF(INDEX(Inventory!D:D,SMALL($H$5:$H$304,45))="","",INDEX(Inventory!D:D,SMALL($H$5:$H$304,45))),"") | E49: =IFERROR(IF(INDEX(Inventory!E:E,SMALL($H$5:$H$304,45))="","",INDEX(Inventory!E:E,SMALL($H$5:$H$304,45))),"") | F49: =IFERROR(IF(INDEX(Inventory!F:F,SMALL($H$5:$H$304,45))="","",INDEX(Inventory!F:F,SMALL($H$5:$H$304,45))),"") | G49: =IFERROR(IF(INDEX(Inventory!G:G,SMALL($H$5:$H$304,45))="","",INDEX(Inventory!G:G,SMALL($H$5:$H$304,45))),"") | H49: =IF(Inventory!A47="","",IF(ISNUMBER(SEARCH($C$2,Inventory!A47)),ROW(Inventory!A47),""))
A50: =IFERROR(IF(INDEX(Inventory!A:A,SMALL($H$5:$H$304,46))="","",INDEX(Inventory!A:A,SMALL($H$5:$H$304,46))),"") | B50: =IFERROR(IF(INDEX(Inventory!B:B,SMALL($H$5:$H$304,46))="","",INDEX(Inventory!B:B,SMALL($H$5:$H$304,46))),"") | C50: =IFERROR(IF(INDEX(Inventory!C:C,SMALL($H$5:$H$304,46))="","",INDEX(Inventory!C:C,SMALL($H$5:$H$304,46))),"") | D50: =IFERROR(IF(INDEX(Inventory!D:D,SMALL($H$5:$H$304,46))="","",INDEX(Inventory!D:D,SMALL($H$5:$H$304,46))),"") | E50: =IFERROR(IF(INDEX(Inventory!E:E,SMALL($H$5:$H$304,46))="","",INDEX(Inventory!E:E,SMALL($H$5:$H$304,46))),"") | F50: =IFERROR(IF(INDEX(Inventory!F:F,SMALL($H$5:$H$304,46))="","",INDEX(Inventory!F:F,SMALL($H$5:$H$304,46))),"") | G50: =IFERROR(IF(INDEX(Inventory!G:G,SMALL($H$5:$H$304,46))="","",INDEX(Inventory!G:G,SMALL($H$5:$H$304,46))),"") | H50: =IF(Inventory!A48="","",IF(ISNUMBER(SEARCH($C$2,Inventory!A48)),ROW(Inventory!A48),""))
A51: =IFERROR(IF(INDEX(Inventory!A:A,SMALL($H$5:$H$304,47))="","",INDEX(Inventory!A:A,SMALL($H$5:$H$304,47))),"") | B51: =IFERROR(IF(INDEX(Inventory!B:B,SMALL($H$5:$H$304,47))="","",INDEX(Inventory!B:B,SMALL($H$5:$H$304,47))),"") | C51: =IFERROR(IF(INDEX(Inventory!C:C,SMALL($H$5:$H$304,47))="","",INDEX(Inventory!C:C,SMALL($H$5:$H$304,47))),"") | D51: =IFERROR(IF(INDEX(Inventory!D:D,SMALL($H$5:$H$304,47))="","",INDEX(Inventory!D:D,SMALL($H$5:$H$304,47))),"") | E51: =IFERROR(IF(INDEX(Inventory!E:E,SMALL($H$5:$H$304,47))="","",INDEX(Inventory!E:E,SMALL($H$5:$H$304,47))),"") | F51: =IFERROR(IF(INDEX(Inventory!F:F,SMALL($H$5:$H$304,47))="","",INDEX(Inventory!F:F,SMALL($H$5:$H$304,47))),"") | G51: =IFERROR(IF(INDEX(Inventory!G:G,SMALL($H$5:$H$304,47))="","",INDEX(Inventory!G:G,SMALL($H$5:$H$304,47))),"") | H51: =IF(Inventory!A49="","",IF(ISNUMBER(SEARCH($C$2,Inventory!A49)),ROW(Inventory!A49),""))
A52: =IFERROR(IF(INDEX(Inventory!A:A,SMALL($H$5:$H$304,48))="","",INDEX(Inventory!A:A,SMALL($H$5:$H$304,48))),"") | B52: =IFERROR(IF(INDEX(Inventory!B:B,SMALL($H$5:$H$304,48))="","",INDEX(Inventory!B:B,SMALL($H$5:$H$304,48))),"") | C52: =IFERROR(IF(INDEX(Inventory!C:C,SMALL($H$5:$H$304,48))="","",INDEX(Inventory!C:C,SMALL($H$5:$H$304,48))),"") | D52: =IFERROR(IF(INDEX(Inventory!D:D,SMALL($H$5:$H$304,48))="","",INDEX(Inventory!D:D,SMALL($H$5:$H$304,48))),"") | E52: =IFERROR(IF(INDEX(Inventory!E:E,SMALL($H$5:$H$304,48))="","",INDEX(Inventory!E:E,SMALL($H$5:$H$304,48))),"") | F52: =IFERROR(IF(INDEX(Inventory!F:F,SMALL($H$5:$H$304,48))="","",INDEX(Inventory!F:F,SMALL($H$5:$H$304,48))),"") | G52: =IFERROR(IF(INDEX(Inventory!G:G,SMALL($H$5:$H$304,48))="","",INDEX(Inventory!G:G,SMALL($H$5:$H$304,48))),"") | H52: =IF(Inventory!A50="","",IF(ISNUMBER(SEARCH($C$2,Inventory!A50)),ROW(Inventory!A50),""))
A53: =IFERROR(IF(INDEX(Inventory!A:A,SMALL($H$5:$H$304,49))="","",INDEX(Inventory!A:A,SMALL($H$5:$H$304,49))),"") | B53: =IFERROR(IF(INDEX(Inventory!B:B,SMALL($H$5:$H$304,49))="","",INDEX(Inventory!B:B,SMALL($H$5:$H$304,49))),"") | C53: =IFERROR(IF(INDEX(Inventory!C:C,SMALL($H$5:$H$304,49))="","",INDEX(Inventory!C:C,SMALL($H$5:$H$304,49))),"") | D53: =IFERROR(IF(INDEX(Inventory!D:D,SMALL($H$5:$H$304,49))="","",INDEX(Inventory!D:D,SMALL($H$5:$H$304,49))),"") | E53: =IFERROR(IF(INDEX(Inventory!E:E,SMALL($H$5:$H$304,49))="","",INDEX(Inventory!E:E,SMALL($H$5:$H$304,49))),"") | F53: =IFERROR(IF(INDEX(Inventory!F:F,SMALL($H$5:$H$304,49))="","",INDEX(Inventory!F:F,SMALL($H$5:$H$304,49))),"") | G53: =IFERROR(IF(INDEX(Inventory!G:G,SMALL($H$5:$H$304,49))="","",INDEX(Inventory!G:G,SMALL($H$5:$H$304,49))),"") | H53: =IF(Inventory!A51="","",IF(ISNUMBER(SEARCH($C$2,Inventory!A51)),ROW(Inventory!A51),""))
A54: =IFERROR(IF(INDEX(Inventory!A:A,SMALL($H$5:$H$304,50))="","",INDEX(Inventory!A:A,SMALL($H$5:$H$304,50))),"") | B54: =IFERROR(IF(INDEX(Inventory!B:B,SMALL($H$5:$H$304,50))="","",INDEX(Inventory!B:B,SMALL($H$5:$H$304,50))),"") | C54: =IFERROR(IF(INDEX(Inventory!C:C,SMALL($H$5:$H$304,50))="","",INDEX(Inventory!C:C,SMALL($H$5:$H$304,50))),"") | D54: =IFERROR(IF(INDEX(Inventory!D:D,SMALL($H$5:$H$304,50))="","",INDEX(Inventory!D:D,SMALL($H$5:$H$304,50))),"") | E54: =IFERROR(IF(INDEX(Inventory!E:E,SMALL($H$5:$H$304,50))="","",INDEX(Inventory!E:E,SMALL($H$5:$H$304,50))),"") | F54: =IFERROR(IF(INDEX(Inventory!F:F,SMALL($H$5:$H$304,50))="","",INDEX(Inventory!F:F,SMALL($H$5:$H$304,50))),"") | G54: =IFERROR(IF(INDEX(Inventory!G:G,SMALL($H$5:$H$304,50))="","",INDEX(Inventory!G:G,SMALL($H$5:$H$304,50))),"") | H54: =IF(Inventory!A52="","",IF(ISNUMBER(SEARCH($C$2,Inventory!A52)),ROW(Inventory!A52),""))
A55: =IFERROR(IF(INDEX(Inventory!A:A,SMALL($H$5:$H$304,51))="","",INDEX(Inventory!A:A,SMALL($H$5:$H$304,51))),"") | B55: =IFERROR(IF(INDEX(Inventory!B:B,SMALL($H$5:$H$304,51))="","",INDEX(Inventory!B:B,SMALL($H$5:$H$304,51))),"") | C55: =IFERROR(IF(INDEX(Inventory!C:C,SMALL($H$5:$H$304,51))="","",INDEX(Inventory!C:C,SMALL($H$5:$H$304,51))),"") | D55: =IFERROR(IF(INDEX(Inventory!D:D,SMALL($H$5:$H$304,51))="","",INDEX(Inventory!D:D,SMALL($H$5:$H$304,51))),"") | E55: =IFERROR(IF(INDEX(Inventory!E:E,SMALL($H$5:$H$304,51))="","",INDEX(Inventory!E:E,SMALL($H$5:$H$304,51))),"") | F55: =IFERROR(IF(INDEX(Inventory!F:F,SMALL($H$5:$H$304,51))="","",INDEX(Inventory!F:F,SMALL($H$5:$H$304,51))),"") | G55: =IFERROR(IF(INDEX(Inventory!G:G,SMALL($H$5:$H$304,51))="","",INDEX(Inventory!G:G,SMALL($H$5:$H$304,51))),"") | H55: =IF(Inventory!A53="","",IF(ISNUMBER(SEARCH($C$2,Inventory!A53)),ROW(Inventory!A53),""))
A56: =IFERROR(IF(INDEX(Inventory!A:A,SMALL($H$5:$H$304,52))="","",INDEX(Inventory!A:A,SMALL($H$5:$H$304,52))),"") | B56: =IFERROR(IF(INDEX(Inventory!B:B,SMALL($H$5:$H$304,52))="","",INDEX(Inventory!B:B,SMALL($H$5:$H$304,52))),"") | C56: =IFERROR(IF(INDEX(Inventory!C:C,SMALL($H$5:$H$304,52))="","",INDEX(Inventory!C:C,SMALL($H$5:$H$304,52))),"") | D56: =IFERROR(IF(INDEX(Inventory!D:D,SMALL($H$5:$H$304,52))="","",INDEX(Inventory!D:D,SMALL($H$5:$H$304,52))),"") | E56: =IFERROR(IF(INDEX(Inventory!E:E,SMALL($H$5:$H$304,52))="","",INDEX(Inventory!E:E,SMALL($H$5:$H$304,52))),"") | F56: =IFERROR(IF(INDEX(Inventory!F:F,SMALL($H$5:$H$304,52))="","",INDEX(Inventory!F:F,SMALL($H$5:$H$304,52))),"") | G56: =IFERROR(IF(INDEX(Inventory!G:G,SMALL($H$5:$H$304,52))="","",INDEX(Inventory!G:G,SMALL($H$5:$H$304,52))),"") | H56: =IF(Inventory!A54="","",IF(ISNUMBER(SEARCH($C$2,Inventory!A54)),ROW(Inventory!A54),""))
A57: =IFERROR(IF(INDEX(Inventory!A:A,SMALL($H$5:$H$304,53))="","",INDEX(Inventory!A:A,SMALL($H$5:$H$304,53))),"") | B57: =IFERROR(IF(INDEX(Inventory!B:B,SMALL($H$5:$H$304,53))="","",INDEX(Inventory!B:B,SMALL($H$5:$H$304,53))),"") | C57: =IFERROR(IF(INDEX(Inventory!C:C,SMALL($H$5:$H$304,53))="","",INDEX(Inventory!C:C,SMALL($H$5:$H$304,53))),"") | D57: =IFERROR(IF(INDEX(Inventory!D:D,SMALL($H$5:$H$304,53))="","",INDEX(Inventory!D:D,SMALL($H$5:$H$304,53))),"") | E57: =IFERROR(IF(INDEX(Inventory!E:E,SMALL($H$5:$H$304,53))="","",INDEX(Inventory!E:E,SMALL($H$5:$H$304,53))),"") | F57: =IFERROR(IF(INDEX(Inventory!F:F,SMALL($H$5:$H$304,53))="","",INDEX(Inventory!F:F,SMALL($H$5:$H$304,53))),"") | G57: =IFERROR(IF(INDEX(Inventory!G:G,SMALL($H$5:$H$304,53))="","",INDEX(Inventory!G:G,SMALL($H$5:$H$304,53))),"") | H57: =IF(Inventory!A55="","",IF(ISNUMBER(SEARCH($C$2,Inventory!A55)),ROW(Inventory!A55),""))
A58: =IFERROR(IF(INDEX(Inventory!A:A,SMALL($H$5:$H$304,54))="","",INDEX(Inventory!A:A,SMALL($H$5:$H$304,54))),"") | B58: =IFERROR(IF(INDEX(Inventory!B:B,SMALL($H$5:$H$304,54))="","",INDEX(Inventory!B:B,SMALL($H$5:$H$304,54))),"") | C58: =IFERROR(IF(INDEX(Inventory!C:C,SMALL($H$5:$H$304,54))="","",INDEX(Inventory!C:C,SMALL($H$5:$H$304,54))),"") | D58: =IFERROR(IF(INDEX(Inventory!D:D,SMALL($H$5:$H$304,54))="","",INDEX(Inventory!D:D,SMALL($H$5:$H$304,54))),"") | E58: =IFERROR(IF(INDEX(Inventory!E:E,SMALL($H$5:$H$304,54))="","",INDEX(Inventory!E:E,SMALL($H$5:$H$304,54))),"") | F58: =IFERROR(IF(INDEX(Inventory!F:F,SMALL($H$5:$H$304,54))="","",INDEX(Inventory!F:F,SMALL($H$5:$H$304,54))),"") | G58: =IFERROR(IF(INDEX(Inventory!G:G,SMALL($H$5:$H$304,54))="","",INDEX(Inventory!G:G,SMALL($H$5:$H$304,54))),"") | H58: =IF(Inventory!A56="","",IF(ISNUMBER(SEARCH($C$2,Inventory!A56)),ROW(Inventory!A56),""))
A59: =IFERROR(IF(INDEX(Inventory!A:A,SMALL($H$5:$H$304,55))="","",INDEX(Inventory!A:A,SMALL($H$5:$H$304,55))),"") | B59: =IFERROR(IF(INDEX(Inventory!B:B,SMALL($H$5:$H$304,55))="","",INDEX(Inventory!B:B,SMALL($H$5:$H$304,55))),"") | C59: =IFERROR(IF(INDEX(Inventory!C:C,SMALL($H$5:$H$304,55))="","",INDEX(Inventory!C:C,SMALL($H$5:$H$304,55))),"") | D59: =IFERROR(IF(INDEX(Inventory!D:D,SMALL($H$5:$H$304,55))="","",INDEX(Inventory!D:D,SMALL($H$5:$H$304,55))),"") | E59: =IFERROR(IF(INDEX(Inventory!E:E,SMALL($H$5:$H$304,55))="","",INDEX(Inventory!E:E,SMALL($H$5:$H$304,55))),"") | F59: =IFERROR(IF(INDEX(Inventory!F:F,SMALL($H$5:$H$304,55))="","",INDEX(Inventory!F:F,SMALL($H$5:$H$304,55))),"") | G59: =IFERROR(IF(INDEX(Inventory!G:G,SMALL($H$5:$H$304,55))="","",INDEX(Inventory!G:G,SMALL($H$5:$H$304,55))),"") | H59: =IF(Inventory!A57="","",IF(ISNUMBER(SEARCH($C$2,Inventory!A57)),ROW(Inventory!A57),""))
A60: =IFERROR(IF(INDEX(Inventory!A:A,SMALL($H$5:$H$304,56))="","",INDEX(Inventory!A:A,SMALL($H$5:$H$304,56))),"") | B60: =IFERROR(IF(INDEX(Inventory!B:B,SMALL($H$5:$H$304,56))="","",INDEX(Inventory!B:B,SMALL($H$5:$H$304,56))),"") | C60: =IFERROR(IF(INDEX(Inventory!C:C,SMALL($H$5:$H$304,56))="","",INDEX(Inventory!C:C,SMALL($H$5:$H$304,56))),"") | D60: =IFERROR(IF(INDEX(Inventory!D:D,SMALL($H$5:$H$304,56))="","",INDEX(Inventory!D:D,SMALL($H$5:$H$304,56))),"") | E60: =IFERROR(IF(INDEX(Inventory!E:E,SMALL($H$5:$H$304,56))="","",INDEX(Inventory!E:E,SMALL($H$5:$H$304,56))),"") | F60: =IFERROR(IF(INDEX(Inventory!F:F,SMALL($H$5:$H$304,56))="","",INDEX(Inventory!F:F,SMALL($H$5:$H$304,56))),"") | G60: =IFERROR(IF(INDEX(Inventory!G:G,SMALL($H$5:$H$304,56))="","",INDEX(Inventory!G:G,SMALL($H$5:$H$304,56))),"") | H60: =IF(Inventory!A58="","",IF(ISNUMBER(SEARCH($C$2,Inventory!A58)),ROW(Inventory!A58),""))
A61: =IFERROR(IF(INDEX(Inventory!A:A,SMALL($H$5:$H$304,57))="","",INDEX(Inventory!A:A,SMALL($H$5:$H$304,57))),"") | B61: =IFERROR(IF(INDEX(Inventory!B:B,SMALL($H$5:$H$304,57))="","",INDEX(Inventory!B:B,SMALL($H$5:$H$304,57))),"") | C61: =IFERROR(IF(INDEX(Inventory!C:C,SMALL($H$5:$H$304,57))="","",INDEX(Inventory!C:C,SMALL($H$5:$H$304,57))),"") | D61: =IFERROR(IF(INDEX(Inventory!D:D,SMALL($H$5:$H$304,57))="","",INDEX(Inventory!D:D,SMALL($H$5:$H$304,57))),"") | E61: =IFERROR(IF(INDEX(Inventory!E:E,SMALL($H$5:$H$304,57))="","",INDEX(Inventory!E:E,SMALL($H$5:$H$304,57))),"") | F61: =IFERROR(IF(INDEX(Inventory!F:F,SMALL($H$5:$H$304,57))="","",INDEX(Inventory!F:F,SMALL($H$5:$H$304,57))),"") | G61: =IFERROR(IF(INDEX(Inventory!G:G,SMALL($H$5:$H$304,57))="","",INDEX(Inventory!G:G,SMALL($H$5:$H$304,57))),"") | H61: =IF(Inventory!A59="","",IF(ISNUMBER(SEARCH($C$2,Inventory!A59)),ROW(Inventory!A59),""))
A62: =IFERROR(IF(INDEX(Inventory!A:A,SMALL($H$5:$H$304,58))="","",INDEX(Inventory!A:A,SMALL($H$5:$H$304,58))),"") | B62: =IFERROR(IF(INDEX(Inventory!B:B,SMALL($H$5:$H$304,58))="","",INDEX(Inventory!B:B,SMALL($H$5:$H$304,58))),"") | C62: =IFERROR(IF(INDEX(Inventory!C:C,SMALL($H$5:$H$304,58))="","",INDEX(Inventory!C:C,SMALL($H$5:$H$304,58))),"") | D62: =IFERROR(IF(INDEX(Inventory!D:D,SMALL($H$5:$H$304,58))="","",INDEX(Inventory!D:D,SMALL($H$5:$H$304,58))),"") | E62: =IFERROR(IF(INDEX(Inventory!E:E,SMALL($H$5:$H$304,58))="","",INDEX(Inventory!E:E,SMALL($H$5:$H$304,58))),"") | F62: =IFERROR(IF(INDEX(Inventory!F:F,SMALL($H$5:$H$304,58))="","",INDEX(Inventory!F:F,SMALL($H$5:$H$304,58))),"") | G62: =IFERROR(IF(INDEX(Inventory!G:G,SMALL($H$5:$H$304,58))="","",INDEX(Inventory!G:G,SMALL($H$5:$H$304,58))),"") | H62: =IF(Inventory!A60="","",IF(ISNUMBER(SEARCH($C$2,Inventory!A60)),ROW(Inventory!A60),""))
A63: =IFERROR(IF(INDEX(Inventory!A:A,SMALL($H$5:$H$304,59))="","",INDEX(Inventory!A:A,SMALL($H$5:$H$304,59))),"") | B63: =IFERROR(IF(INDEX(Inventory!B:B,SMALL($H$5:$H$304,59))="","",INDEX(Inventory!B:B,SMALL($H$5:$H$304,59))),"") | C63: =IFERROR(IF(INDEX(Inventory!C:C,SMALL($H$5:$H$304,59))="","",INDEX(Inventory!C:C,SMALL($H$5:$H$304,59))),"") | D63: =IFERROR(IF(INDEX(Inventory!D:D,SMALL($H$5:$H$304,59))="","",INDEX(Inventory!D:D,SMALL($H$5:$H$304,59))),"") | E63: =IFERROR(IF(INDEX(Inventory!E:E,SMALL($H$5:$H$304,59))="","",INDEX(Inventory!E:E,SMALL($H$5:$H$304,59))),"") | F63: =IFERROR(IF(INDEX(Inventory!F:F,SMALL($H$5:$H$304,59))="","",INDEX(Inventory!F:F,SMALL($H$5:$H$304,59))),"") | G63: =IFERROR(IF(INDEX(Inventory!G:G,SMALL($H$5:$H$304,59))="","",INDEX(Inventory!G:G,SMALL($H$5:$H$304,59))),"") | H63: =IF(Inventory!A61="","",IF(ISNUMBER(SEARCH($C$2,Inventory!A61)),ROW(Inventory!A61),""))
A64: =IFERROR(IF(INDEX(Inventory!A:A,SMALL($H$5:$H$304,60))="","",INDEX(Inventory!A:A,SMALL($H$5:$H$304,60))),"") | B64: =IFERROR(IF(INDEX(Inventory!B:B,SMALL($H$5:$H$304,60))="","",INDEX(Inventory!B:B,SMALL($H$5:$H$304,60))),"") | C64: =IFERROR(IF(INDEX(Inventory!C:C,SMALL($H$5:$H$304,60))="","",INDEX(Inventory!C:C,SMALL($H$5:$H$304,60))),"") | D64: =IFERROR(IF(INDEX(Inventory!D:D,SMALL($H$5:$H$304,60))="","",INDEX(Inventory!D:D,SMALL($H$5:$H$304,60))),"") | E64: =IFERROR(IF(INDEX(Inventory!E:E,SMALL($H$5:$H$304,60))="","",INDEX(Inventory!E:E,SMALL($H$5:$H$304,60))),"") | F64: =IFERROR(IF(INDEX(Inventory!F:F,SMALL($H$5:$H$304,60))="","",INDEX(Inventory!F:F,SMALL($H$5:$H$304,60))),"") | G64: =IFERROR(IF(INDEX(Inventory!G:G,SMALL($H$5:$H$304,60))="","",INDEX(Inventory!G:G,SMALL($H$5:$H$304,60))),"") | H64: =IF(Inventory!A62="","",IF(ISNUMBER(SEARCH($C$2,Inventory!A62)),ROW(Inventory!A62),""))
A65: =IFERROR(IF(INDEX(Inventory!A:A,SMALL($H$5:$H$304,61))="","",INDEX(Inventory!A:A,SMALL($H$5:$H$304,61))),"") | B65: =IFERROR(IF(INDEX(Inventory!B:B,SMALL($H$5:$H$304,61))="","",INDEX(Inventory!B:B,SMALL($H$5:$H$304,61))),"") | C65: =IFERROR(IF(INDEX(Inventory!C:C,SMALL($H$5:$H$304,61))="","",INDEX(Inventory!C:C,SMALL($H$5:$H$304,61))),"") | D65: =IFERROR(IF(INDEX(Inventory!D:D,SMALL($H$5:$H$304,61))="","",INDEX(Inventory!D:D,SMALL($H$5:$H$304,61))),"") | E65: =IFERROR(IF(INDEX(Inventory!E:E,SMALL($H$5:$H$304,61))="","",INDEX(Inventory!E:E,SMALL($H$5:$H$304,61))),"") | F65: =IFERROR(IF(INDEX(Inventory!F:F,SMALL($H$5:$H$304,61))="","",INDEX(Inventory!F:F,SMALL($H$5:$H$304,61))),"") | G65: =IFERROR(IF(INDEX(Inventory!G:G,SMALL($H$5:$H$304,61))="","",INDEX(Inventory!G:G,SMALL($H$5:$H$304,61))),"") | H65: =IF(Inventory!A63="","",IF(ISNUMBER(SEARCH($C$2,Inventory!A63)),ROW(Inventory!A63),""))
A66: =IFERROR(IF(INDEX(Inventory!A:A,SMALL($H$5:$H$304,62))="","",INDEX(Inventory!A:A,SMALL($H$5:$H$304,62))),"") | B66: =IFERROR(IF(INDEX(Inventory!B:B,SMALL($H$5:$H$304,62))="","",INDEX(Inventory!B:B,SMALL($H$5:$H$304,62))),"") | C66: =IFERROR(IF(INDEX(Inventory!C:C,SMALL($H$5:$H$304,62))="","",INDEX(Inventory!C:C,SMALL($H$5:$H$304,62))),"") | D66: =IFERROR(IF(INDEX(Inventory!D:D,SMALL($H$5:$H$304,62))="","",INDEX(Inventory!D:D,SMALL($H$5:$H$304,62))),"") | E66: =IFERROR(IF(INDEX(Inventory!E:E,SMALL($H$5:$H$304,62))="","",INDEX(Inventory!E:E,SMALL($H$5:$H$304,62))),"") | F66: =IFERROR(IF(INDEX(Inventory!F:F,SMALL($H$5:$H$304,62))="","",INDEX(Inventory!F:F,SMALL($H$5:$H$304,62))),"") | G66: =IFERROR(IF(INDEX(Inventory!G:G,SMALL($H$5:$H$304,62))="","",INDEX(Inventory!G:G,SMALL($H$5:$H$304,62))),"") | H66: =IF(Inventory!A64="","",IF(ISNUMBER(SEARCH($C$2,Inventory!A64)),ROW(Inventory!A64),""))
A67: =IFERROR(IF(INDEX(Inventory!A:A,SMALL($H$5:$H$304,63))="","",INDEX(Inventory!A:A,SMALL($H$5:$H$304,63))),"") | B67: =IFERROR(IF(INDEX(Inventory!B:B,SMALL($H$5:$H$304,63))="","",INDEX(Inventory!B:B,SMALL($H$5:$H$304,63))),"") | C67: =IFERROR(IF(INDEX(Inventory!C:C,SMALL($H$5:$H$304,63))="","",INDEX(Inventory!C:C,SMALL($H$5:$H$304,63))),"") | D67: =IFERROR(IF(INDEX(Inventory!D:D,SMALL($H$5:$H$304,63))="","",INDEX(Inventory!D:D,SMALL($H$5:$H$304,63))),"") | E67: =IFERROR(IF(INDEX(Inventory!E:E,SMALL($H$5:$H$304,63))="","",INDEX(Inventory!E:E,SMALL($H$5:$H$304,63))),"") | F67: =IFERROR(IF(INDEX(Inventory!F:F,SMALL($H$5:$H$304,63))="","",INDEX(Inventory!F:F,SMALL($H$5:$H$304,63))),"") | G67: =IFERROR(IF(INDEX(Inventory!G:G,SMALL($H$5:$H$304,63))="","",INDEX(Inventory!G:G,SMALL($H$5:$H$304,63))),"") | H67: =IF(Inventory!A65="","",IF(ISNUMBER(SEARCH($C$2,Inventory!A65)),ROW(Inventory!A65),""))
A68: =IFERROR(IF(INDEX(Inventory!A:A,SMALL($H$5:$H$304,64))="","",INDEX(Inventory!A:A,SMALL($H$5:$H$304,64))),"") | B68: =IFERROR(IF(INDEX(Inventory!B:B,SMALL($H$5:$H$304,64))="","",INDEX(Inventory!B:B,SMALL($H$5:$H$304,64))),"") | C68: =IFERROR(IF(INDEX(Inventory!C:C,SMALL($H$5:$H$304,64))="","",INDEX(Inventory!C:C,SMALL($H$5:$H$304,64))),"") | D68: =IFERROR(IF(INDEX(Inventory!D:D,SMALL($H$5:$H$304,64))="","",INDEX(Inventory!D:D,SMALL($H$5:$H$304,64))),"") | E68: =IFERROR(IF(INDEX(Inventory!E:E,SMALL($H$5:$H$304,64))="","",INDEX(Inventory!E:E,SMALL($H$5:$H$304,64))),"") | F68: =IFERROR(IF(INDEX(Inventory!F:F,SMALL($H$5:$H$304,64))="","",INDEX(Inventory!F:F,SMALL($H$5:$H$304,64))),"") | G68: =IFERROR(IF(INDEX(Inventory!G:G,SMALL($H$5:$H$304,64))="","",INDEX(Inventory!G:G,SMALL($H$5:$H$304,64))),"") | H68: =IF(Inventory!A66="","",IF(ISNUMBER(SEARCH($C$2,Inventory!A66)),ROW(Inventory!A66),""))
A69: =IFERROR(IF(INDEX(Inventory!A:A,SMALL($H$5:$H$304,65))="","",INDEX(Inventory!A:A,SMALL($H$5:$H$304,65))),"") | B69: =IFERROR(IF(INDEX(Inventory!B:B,SMALL($H$5:$H$304,65))="","",INDEX(Inventory!B:B,SMALL($H$5:$H$304,65))),"") | C69: =IFERROR(IF(INDEX(Inventory!C:C,SMALL($H$5:$H$304,65))="","",INDEX(Inventory!C:C,SMALL($H$5:$H$304,65))),"") | D69: =IFERROR(IF(INDEX(Inventory!D:D,SMALL($H$5:$H$304,65))="","",INDEX(Inventory!D:D,SMALL($H$5:$H$304,65))),"") | E69: =IFERROR(IF(INDEX(Inventory!E:E,SMALL($H$5:$H$304,65))="","",INDEX(Inventory!E:E,SMALL($H$5:$H$304,65))),"") | F69: =IFERROR(IF(INDEX(Inventory!F:F,SMALL($H$5:$H$304,65))="","",INDEX(Inventory!F:F,SMALL($H$5:$H$304,65))),"") | G69: =IFERROR(IF(INDEX(Inventory!G:G,SMALL($H$5:$H$304,65))="","",INDEX(Inventory!G:G,SMALL($H$5:$H$304,65))),"") | H69: =IF(Inventory!A67="","",IF(ISNUMBER(SEARCH($C$2,Inventory!A67)),ROW(Inventory!A67),""))
A70: =IFERROR(IF(INDEX(Inventory!A:A,SMALL($H$5:$H$304,66))="","",INDEX(Inventory!A:A,SMALL($H$5:$H$304,66))),"") | B70: =IFERROR(IF(INDEX(Inventory!B:B,SMALL($H$5:$H$304,66))="","",INDEX(Inventory!B:B,SMALL($H$5:$H$304,66))),"") | C70: =IFERROR(IF(INDEX(Inventory!C:C,SMALL($H$5:$H$304,66))="","",INDEX(Inventory!C:C,SMALL($H$5:$H$304,66))),"") | D70: =IFERROR(IF(INDEX(Inventory!D:D,SMALL($H$5:$H$304,66))="","",INDEX(Inventory!D:D,SMALL($H$5:$H$304,66))),"") | E70: =IFERROR(IF(INDEX(Inventory!E:E,SMALL($H$5:$H$304,66))="","",INDEX(Inventory!E:E,SMALL($H$5:$H$304,66))),"") | F70: =IFERROR(IF(INDEX(Inventory!F:F,SMALL($H$5:$H$304,66))="","",INDEX(Inventory!F:F,SMALL($H$5:$H$304,66))),"") | G70: =IFERROR(IF(INDEX(Inventory!G:G,SMALL($H$5:$H$304,66))="","",INDEX(Inventory!G:G,SMALL($H$5:$H$304,66))),"") | H70: =IF(Inventory!A68="","",IF(ISNUMBER(SEARCH($C$2,Inventory!A68)),ROW(Inventory!A68),""))
A71: =IFERROR(IF(INDEX(Inventory!A:A,SMALL($H$5:$H$304,67))="","",INDEX(Inventory!A:A,SMALL($H$5:$H$304,67))),"") | B71: =IFERROR(IF(INDEX(Inventory!B:B,SMALL($H$5:$H$304,67))="","",INDEX(Inventory!B:B,SMALL($H$5:$H$304,67))),"") | C71: =IFERROR(IF(INDEX(Inventory!C:C,SMALL($H$5:$H$304,67))="","",INDEX(Inventory!C:C,SMALL($H$5:$H$304,67))),"") | D71: =IFERROR(IF(INDEX(Inventory!D:D,SMALL($H$5:$H$304,67))="","",INDEX(Inventory!D:D,SMALL($H$5:$H$304,67))),"") | E71: =IFERROR(IF(INDEX(Inventory!E:E,SMALL($H$5:$H$304,67))="","",INDEX(Inventory!E:E,SMALL($H$5:$H$304,67))),"") | F71: =IFERROR(IF(INDEX(Inventory!F:F,SMALL($H$5:$H$304,67))="","",INDEX(Inventory!F:F,SMALL($H$5:$H$304,67))),"") | G71: =IFERROR(IF(INDEX(Inventory!G:G,SMALL($H$5:$H$304,67))="","",INDEX(Inventory!G:G,SMALL($H$5:$H$304,67))),"") | H71: =IF(Inventory!A69="","",IF(ISNUMBER(SEARCH($C$2,Inventory!A69)),ROW(Inventory!A69),""))
A72: =IFERROR(IF(INDEX(Inventory!A:A,SMALL($H$5:$H$304,68))="","",INDEX(Inventory!A:A,SMALL($H$5:$H$304,68))),"") | B72: =IFERROR(IF(INDEX(Inventory!B:B,SMALL($H$5:$H$304,68))="","",INDEX(Inventory!B:B,SMALL($H$5:$H$304,68))),"") | C72: =IFERROR(IF(INDEX(Inventory!C:C,SMALL($H$5:$H$304,68))="","",INDEX(Inventory!C:C,SMALL($H$5:$H$304,68))),"") | D72: =IFERROR(IF(INDEX(Inventory!D:D,SMALL($H$5:$H$304,68))="","",INDEX(Inventory!D:D,SMALL($H$5:$H$304,68))),"") | E72: =IFERROR(IF(INDEX(Inventory!E:E,SMALL($H$5:$H$304,68))="","",INDEX(Inventory!E:E,SMALL($H$5:$H$304,68))),"") | F72: =IFERROR(IF(INDEX(Inventory!F:F,SMALL($H$5:$H$304,68))="","",INDEX(Inventory!F:F,SMALL($H$5:$H$304,68))),"") | G72: =IFERROR(IF(INDEX(Inventory!G:G,SMALL($H$5:$H$304,68))="","",INDEX(Inventory!G:G,SMALL($H$5:$H$304,68))),"") | H72: =IF(Inventory!A70="","",IF(ISNUMBER(SEARCH($C$2,Inventory!A70)),ROW(Inventory!A70),""))
A73: =IFERROR(IF(INDEX(Inventory!A:A,SMALL($H$5:$H$304,69))="","",INDEX(Inventory!A:A,SMALL($H$5:$H$304,69))),"") | B73: =IFERROR(IF(INDEX(Inventory!B:B,SMALL($H$5:$H$304,69))="","",INDEX(Inventory!B:B,SMALL($H$5:$H$304,69))),"") | C73: =IFERROR(IF(INDEX(Inventory!C:C,SMALL($H$5:$H$304,69))="","",INDEX(Inventory!C:C,SMALL($H$5:$H$304,69))),"") | D73: =IFERROR(IF(INDEX(Inventory!D:D,SMALL($H$5:$H$304,69))="","",INDEX(Inventory!D:D,SMALL($H$5:$H$304,69))),"") | E73: =IFERROR(IF(INDEX(Inventory!E:E,SMALL($H$5:$H$304,69))="","",INDEX(Inventory!E:E,SMALL($H$5:$H$304,69))),"") | F73: =IFERROR(IF(INDEX(Inventory!F:F,SMALL($H$5:$H$304,69))="","",INDEX(Inventory!F:F,SMALL($H$5:$H$304,69))),"") | G73: =IFERROR(IF(INDEX(Inventory!G:G,SMALL($H$5:$H$304,69))="","",INDEX(Inventory!G:G,SMALL($H$5:$H$304,69))),"") | H73: =IF(Inventory!A71="","",IF(ISNUMBER(SEARCH($C$2,Inventory!A71)),ROW(Inventory!A71),""))
A74: =IFERROR(IF(INDEX(Inventory!A:A,SMALL($H$5:$H$304,70))="","",INDEX(Inventory!A:A,SMALL($H$5:$H$304,70))),"") | B74: =IFERROR(IF(INDEX(Inventory!B:B,SMALL($H$5:$H$304,70))="","",INDEX(Inventory!B:B,SMALL($H$5:$H$304,70))),"") | C74: =IFERROR(IF(INDEX(Inventory!C:C,SMALL($H$5:$H$304,70))="","",INDEX(Inventory!C:C,SMALL($H$5:$H$304,70))),"") | D74: =IFERROR(IF(INDEX(Inventory!D:D,SMALL($H$5:$H$304,70))="","",INDEX(Inventory!D:D,SMALL($H$5:$H$304,70))),"") | E74: =IFERROR(IF(INDEX(Inventory!E:E,SMALL($H$5:$H$304,70))="","",INDEX(Inventory!E:E,SMALL($H$5:$H$304,70))),"") | F74: =IFERROR(IF(INDEX(Inventory!F:F,SMALL($H$5:$H$304,70))="","",INDEX(Inventory!F:F,SMALL($H$5:$H$304,70))),"") | G74: =IFERROR(IF(INDEX(Inventory!G:G,SMALL($H$5:$H$304,70))="","",INDEX(Inventory!G:G,SMALL($H$5:$H$304,70))),"") | H74: =IF(Inventory!A72="","",IF(ISNUMBER(SEARCH($C$2,Inventory!A72)),ROW(Inventory!A72),""))
A75: =IFERROR(IF(INDEX(Inventory!A:A,SMALL($H$5:$H$304,71))="","",INDEX(Inventory!A:A,SMALL($H$5:$H$304,71))),"") | B75: =IFERROR(IF(INDEX(Inventory!B:B,SMALL($H$5:$H$304,71))="","",INDEX(Inventory!B:B,SMALL($H$5:$H$304,71))),"") | C75: =IFERROR(IF(INDEX(Inventory!C:C,SMALL($H$5:$H$304,71))="","",INDEX(Inventory!C:C,SMALL($H$5:$H$304,71))),"") | D75: =IFERROR(IF(INDEX(Inventory!D:D,SMALL($H$5:$H$304,71))="","",INDEX(Inventory!D:D,SMALL($H$5:$H$304,71))),"") | E75: =IFERROR(IF(INDEX(Inventory!E:E,SMALL($H$5:$H$304,71))="","",INDEX(Inventory!E:E,SMALL($H$5:$H$304,71))),"") | F75: =IFERROR(IF(INDEX(Inventory!F:F,SMALL($H$5:$H$304,71))="","",INDEX(Inventory!F:F,SMALL($H$5:$H$304,71))),"") | G75: =IFERROR(IF(INDEX(Inventory!G:G,SMALL($H$5:$H$304,71))="","",INDEX(Inventory!G:G,SMALL($H$5:$H$304,71))),"") | H75: =IF(Inventory!A73="","",IF(ISNUMBER(SEARCH($C$2,Inventory!A73)),ROW(Inventory!A73),""))
A76: =IFERROR(IF(INDEX(Inventory!A:A,SMALL($H$5:$H$304,72))="","",INDEX(Inventory!A:A,SMALL($H$5:$H$304,72))),"") | B76: =IFERROR(IF(INDEX(Inventory!B:B,SMALL($H$5:$H$304,72))="","",INDEX(Inventory!B:B,SMALL($H$5:$H$304,72))),"") | C76: =IFERROR(IF(INDEX(Inventory!C:C,SMALL($H$5:$H$304,72))="","",INDEX(Inventory!C:C,SMALL($H$5:$H$304,72))),"") | D76: =IFERROR(IF(INDEX(Inventory!D:D,SMALL($H$5:$H$304,72))="","",INDEX(Inventory!D:D,SMALL($H$5:$H$304,72))),"") | E76: =IFERROR(IF(INDEX(Inventory!E:E,SMALL($H$5:$H$304,72))="","",INDEX(Inventory!E:E,SMALL($H$5:$H$304,72))),"") | F76: =IFERROR(IF(INDEX(Inventory!F:F,SMALL($H$5:$H$304,72))="","",INDEX(Inventory!F:F,SMALL($H$5:$H$304,72))),"") | G76: =IFERROR(IF(INDEX(Inventory!G:G,SMALL($H$5:$H$304,72))="","",INDEX(Inventory!G:G,SMALL($H$5:$H$304,72))),"") | H76: =IF(Inventory!A74="","",IF(ISNUMBER(SEARCH($C$2,Inventory!A74)),ROW(Inventory!A74),""))
A77: =IFERROR(IF(INDEX(Inventory!A:A,SMALL($H$5:$H$304,73))="","",INDEX(Inventory!A:A,SMALL($H$5:$H$304,73))),"") | B77: =IFERROR(IF(INDEX(Inventory!B:B,SMALL($H$5:$H$304,73))="","",INDEX(Inventory!B:B,SMALL($H$5:$H$304,73))),"") | C77: =IFERROR(IF(INDEX(Inventory!C:C,SMALL($H$5:$H$304,73))="","",INDEX(Inventory!C:C,SMALL($H$5:$H$304,73))),"") | D77: =IFERROR(IF(INDEX(Inventory!D:D,SMALL($H$5:$H$304,73))="","",INDEX(Inventory!D:D,SMALL($H$5:$H$304,73))),"") | E77: =IFERROR(IF(INDEX(Inventory!E:E,SMALL($H$5:$H$304,73))="","",INDEX(Inventory!E:E,SMALL($H$5:$H$304,73))),"") | F77: =IFERROR(IF(INDEX(Inventory!F:F,SMALL($H$5:$H$304,73))="","",INDEX(Inventory!F:F,SMALL($H$5:$H$304,73))),"") | G77: =IFERROR(IF(INDEX(Inventory!G:G,SMALL($H$5:$H$304,73))="","",INDEX(Inventory!G:G,SMALL($H$5:$H$304,73))),"") | H77: =IF(Inventory!A75="","",IF(ISNUMBER(SEARCH($C$2,Inventory!A75)),ROW(Inventory!A75),""))
A78: =IFERROR(IF(INDEX(Inventory!A:A,SMALL($H$5:$H$304,74))="","",INDEX(Inventory!A:A,SMALL($H$5:$H$304,74))),"") | B78: =IFERROR(IF(INDEX(Inventory!B:B,SMALL($H$5:$H$304,74))="","",INDEX(Inventory!B:B,SMALL($H$5:$H$304,74))),"") | C78: =IFERROR(IF(INDEX(Inventory!C:C,SMALL($H$5:$H$304,74))="","",INDEX(Inventory!C:C,SMALL($H$5:$H$304,74))),"") | D78: =IFERROR(IF(INDEX(Inventory!D:D,SMALL($H$5:$H$304,74))="","",INDEX(Inventory!D:D,SMALL($H$5:$H$304,74))),"") | E78: =IFERROR(IF(INDEX(Inventory!E:E,SMALL($H$5:$H$304,74))="","",INDEX(Inventory!E:E,SMALL($H$5:$H$304,74))),"") | F78: =IFERROR(IF(INDEX(Inventory!F:F,SMALL($H$5:$H$304,74))="","",INDEX(Inventory!F:F,SMALL($H$5:$H$304,74))),"") | G78: =IFERROR(IF(INDEX(Inventory!G:G,SMALL($H$5:$H$304,74))="","",INDEX(Inventory!G:G,SMALL($H$5:$H$304,74))),"") | H78: =IF(Inventory!A76="","",IF(ISNUMBER(SEARCH($C$2,Inventory!A76)),ROW(Inventory!A76),""))
A79: =IFERROR(IF(INDEX(Inventory!A:A,SMALL($H$5:$H$304,75))="","",INDEX(Inventory!A:A,SMALL($H$5:$H$304,75))),"") | B79: =IFERROR(IF(INDEX(Inventory!B:B,SMALL($H$5:$H$304,75))="","",INDEX(Inventory!B:B,SMALL($H$5:$H$304,75))),"") | C79: =IFERROR(IF(INDEX(Inventory!C:C,SMALL($H$5:$H$304,75))="","",INDEX(Inventory!C:C,SMALL($H$5:$H$304,75))),"") | D79: =IFERROR(IF(INDEX(Inventory!D:D,SMALL($H$5:$H$304,75))="","",INDEX(Inventory!D:D,SMALL($H$5:$H$304,75))),"") | E79: =IFERROR(IF(INDEX(Inventory!E:E,SMALL($H$5:$H$304,75))="","",INDEX(Inventory!E:E,SMALL($H$5:$H$304,75))),"") | F79: =IFERROR(IF(INDEX(Inventory!F:F,SMALL($H$5:$H$304,75))="","",INDEX(Inventory!F:F,SMALL($H$5:$H$304,75))),"") | G79: =IFERROR(IF(INDEX(Inventory!G:G,SMALL($H$5:$H$304,75))="","",INDEX(Inventory!G:G,SMALL($H$5:$H$304,75))),"") | H79: =IF(Inventory!A77="","",IF(ISNUMBER(SEARCH($C$2,Inventory!A77)),ROW(Inventory!A77),""))
A80: =IFERROR(IF(INDEX(Inventory!A:A,SMALL($H$5:$H$304,76))="","",INDEX(Inventory!A:A,SMALL($H$5:$H$304,76))),"") | B80: =IFERROR(IF(INDEX(Inventory!B:B,SMALL($H$5:$H$304,76))="","",INDEX(Inventory!B:B,SMALL($H$5:$H$304,76))),"") | C80: =IFERROR(IF(INDEX(Inventory!C:C,SMALL($H$5:$H$304,76))="","",INDEX(Inventory!C:C,SMALL($H$5:$H$304,76))),"") | D80: =IFERROR(IF(INDEX(Inventory!D:D,SMALL($H$5:$H$304,76))="","",INDEX(Inventory!D:D,SMALL($H$5:$H$304,76))),"") | E80: =IFERROR(IF(INDEX(Inventory!E:E,SMALL($H$5:$H$304,76))="","",INDEX(Inventory!E:E,SMALL($H$5:$H$304,76))),"") | F80: =IFERROR(IF(INDEX(Inventory!F:F,SMALL($H$5:$H$304,76))="","",INDEX(Inventory!F:F,SMALL($H$5:$H$304,76))),"") | G80: =IFERROR(IF(INDEX(Inventory!G:G,SMALL($H$5:$H$304,76))="","",INDEX(Inventory!G:G,SMALL($H$5:$H$304,76))),"") | H80: =IF(Inventory!A78="","",IF(ISNUMBER(SEARCH($C$2,Inventory!A78)),ROW(Inventory!A78),""))
A81: =IFERROR(IF(INDEX(Inventory!A:A,SMALL($H$5:$H$304,77))="","",INDEX(Inventory!A:A,SMALL($H$5:$H$304,77))),"") | B81: =IFERROR(IF(INDEX(Inventory!B:B,SMALL($H$5:$H$304,77))="","",INDEX(Inventory!B:B,SMALL($H$5:$H$304,77))),"") | C81: =IFERROR(IF(INDEX(Inventory!C:C,SMALL($H$5:$H$304,77))="","",INDEX(Inventory!C:C,SMALL($H$5:$H$304,77))),"") | D81: =IFERROR(IF(INDEX(Inventory!D:D,SMALL($H$5:$H$304,77))="","",INDEX(Inventory!D:D,SMALL($H$5:$H$304,77))),"") | E81: =IFERROR(IF(INDEX(Inventory!E:E,SMALL($H$5:$H$304,77))="","",INDEX(Inventory!E:E,SMALL($H$5:$H$304,77))),"") | F81: =IFERROR(IF(INDEX(Inventory!F:F,SMALL($H$5:$H$304,77))="","",INDEX(Inventory!F:F,SMALL($H$5:$H$304,77))),"") | G81: =IFERROR(IF(INDEX(Inventory!G:G,SMALL($H$5:$H$304,77))="","",INDEX(Inventory!G:G,SMALL($H$5:$H$304,77))),"") | H81: =IF(Inventory!A79="","",IF(ISNUMBER(SEARCH($C$2,Inventory!A79)),ROW(Inventory!A79),""))
A82: =IFERROR(IF(INDEX(Inventory!A:A,SMALL($H$5:$H$304,78))="","",INDEX(Inventory!A:A,SMALL($H$5:$H$304,78))),"") | B82: =IFERROR(IF(INDEX(Inventory!B:B,SMALL($H$5:$H$304,78))="","",INDEX(Inventory!B:B,SMALL($H$5:$H$304,78))),"") | C82: =IFERROR(IF(INDEX(Inventory!C:C,SMALL($H$5:$H$304,78))="","",INDEX(Inventory!C:C,SMALL($H$5:$H$304,78))),"") | D82: =IFERROR(IF(INDEX(Inventory!D:D,SMALL($H$5:$H$304,78))="","",INDEX(Inventory!D:D,SMALL($H$5:$H$304,78))),"") | E82: =IFERROR(IF(INDEX(Inventory!E:E,SMALL($H$5:$H$304,78))="","",INDEX(Inventory!E:E,SMALL($H$5:$H$304,78))),"") | F82: =IFERROR(IF(INDEX(Inventory!F:F,SMALL($H$5:$H$304,78))="","",INDEX(Inventory!F:F,SMALL($H$5:$H$304,78))),"") | G82: =IFERROR(IF(INDEX(Inventory!G:G,SMALL($H$5:$H$304,78))="","",INDEX(Inventory!G:G,SMALL($H$5:$H$304,78))),"") | H82: =IF(Inventory!A80="","",IF(ISNUMBER(SEARCH($C$2,Inventory!A80)),ROW(Inventory!A80),""))
A83: =IFERROR(IF(INDEX(Inventory!A:A,SMALL($H$5:$H$304,79))="","",INDEX(Inventory!A:A,SMALL($H$5:$H$304,79))),"") | B83: =IFERROR(IF(INDEX(Inventory!B:B,SMALL($H$5:$H$304,79))="","",INDEX(Inventory!B:B,SMALL($H$5:$H$304,79))),"") | C83: =IFERROR(IF(INDEX(Inventory!C:C,SMALL($H$5:$H$304,79))="","",INDEX(Inventory!C:C,SMALL($H$5:$H$304,79))),"") | D83: =IFERROR(IF(INDEX(Inventory!D:D,SMALL($H$5:$H$304,79))="","",INDEX(Inventory!D:D,SMALL($H$5:$H$304,79))),"") | E83: =IFERROR(IF(INDEX(Inventory!E:E,SMALL($H$5:$H$304,79))="","",INDEX(Inventory!E:E,SMALL($H$5:$H$304,79))),"") | F83: =IFERROR(IF(INDEX(Inventory!F:F,SMALL($H$5:$H$304,79))="","",INDEX(Inventory!F:F,SMALL($H$5:$H$304,79))),"") | G83: =IFERROR(IF(INDEX(Inventory!G:G,SMALL($H$5:$H$304,79))="","",INDEX(Inventory!G:G,SMALL($H$5:$H$304,79))),"") | H83: =IF(Inventory!A81="","",IF(ISNUMBER(SEARCH($C$2,Inventory!A81)),ROW(Inventory!A81),""))
A84: =IFERROR(IF(INDEX(Inventory!A:A,SMALL($H$5:$H$304,80))="","",INDEX(Inventory!A:A,SMALL($H$5:$H$304,80))),"") | B84: =IFERROR(IF(INDEX(Inventory!B:B,SMALL($H$5:$H$304,80))="","",INDEX(Inventory!B:B,SMALL($H$5:$H$304,80))),"") | C84: =IFERROR(IF(INDEX(Inventory!C:C,SMALL($H$5:$H$304,80))="","",INDEX(Inventory!C:C,SMALL($H$5:$H$304,80))),"") | D84: =IFERROR(IF(INDEX(Inventory!D:D,SMALL($H$5:$H$304,80))="","",INDEX(Inventory!D:D,SMALL($H$5:$H$304,80))),"") | E84: =IFERROR(IF(INDEX(Inventory!E:E,SMALL($H$5:$H$304,80))="","",INDEX(Inventory!E:E,SMALL($H$5:$H$304,80))),"") | F84: =IFERROR(IF(INDEX(Inventory!F:F,SMALL($H$5:$H$304,80))="","",INDEX(Inventory!F:F,SMALL($H$5:$H$304,80))),"") | G84: =IFERROR(IF(INDEX(Inventory!G:G,SMALL($H$5:$H$304,80))="","",INDEX(Inventory!G:G,SMALL($H$5:$H$304,80))),"") | H84: =IF(Inventory!A82="","",IF(ISNUMBER(SEARCH($C$2,Inventory!A82)),ROW(Inventory!A82),""))
A85: =IFERROR(IF(INDEX(Inventory!A:A,SMALL($H$5:$H$304,81))="","",INDEX(Inventory!A:A,SMALL($H$5:$H$304,81))),"") | B85: =IFERROR(IF(INDEX(Inventory!B:B,SMALL($H$5:$H$304,81))="","",INDEX(Inventory!B:B,SMALL($H$5:$H$304,81))),"") | C85: =IFERROR(IF(INDEX(Inventory!C:C,SMALL($H$5:$H$304,81))="","",INDEX(Inventory!C:C,SMALL($H$5:$H$304,81))),"") | D85: =IFERROR(IF(INDEX(Inventory!D:D,SMALL($H$5:$H$304,81))="","",INDEX(Inventory!D:D,SMALL($H$5:$H$304,81))),"") | E85: =IFERROR(IF(INDEX(Inventory!E:E,SMALL($H$5:$H$304,81))="","",INDEX(Inventory!E:E,SMALL($H$5:$H$304,81))),"") | F85: =IFERROR(IF(INDEX(Inventory!F:F,SMALL($H$5:$H$304,81))="","",INDEX(Inventory!F:F,SMALL($H$5:$H$304,81))),"") | G85: =IFERROR(IF(INDEX(Inventory!G:G,SMALL($H$5:$H$304,81))="","",INDEX(Inventory!G:G,SMALL($H$5:$H$304,81))),"") | H85: =IF(Inventory!A83="","",IF(ISNUMBER(SEARCH($C$2,Inventory!A83)),ROW(Inventory!A83),""))
A86: =IFERROR(IF(INDEX(Inventory!A:A,SMALL($H$5:$H$304,82))="","",INDEX(Inventory!A:A,SMALL($H$5:$H$304,82))),"") | B86: =IFERROR(IF(INDEX(Inventory!B:B,SMALL($H$5:$H$304,82))="","",INDEX(Inventory!B:B,SMALL($H$5:$H$304,82))),"") | C86: =IFERROR(IF(INDEX(Inventory!C:C,SMALL($H$5:$H$304,82))="","",INDEX(Inventory!C:C,SMALL($H$5:$H$304,82))),"") | D86: =IFERROR(IF(INDEX(Inventory!D:D,SMALL($H$5:$H$304,82))="","",INDEX(Inventory!D:D,SMALL($H$5:$H$304,82))),"") | E86: =IFERROR(IF(INDEX(Inventory!E:E,SMALL($H$5:$H$304,82))="","",INDEX(Inventory!E:E,SMALL($H$5:$H$304,82))),"") | F86: =IFERROR(IF(INDEX(Inventory!F:F,SMALL($H$5:$H$304,82))="","",INDEX(Inventory!F:F,SMALL($H$5:$H$304,82))),"") | G86: =IFERROR(IF(INDEX(Inventory!G:G,SMALL($H$5:$H$304,82))="","",INDEX(Inventory!G:G,SMALL($H$5:$H$304,82))),"") | H86: =IF(Inventory!A84="","",IF(ISNUMBER(SEARCH($C$2,Inventory!A84)),ROW(Inventory!A84),""))
A87: =IFERROR(IF(INDEX(Inventory!A:A,SMALL($H$5:$H$304,83))="","",INDEX(Inventory!A:A,SMALL($H$5:$H$304,83))),"") | B87: =IFERROR(IF(INDEX(Inventory!B:B,SMALL($H$5:$H$304,83))="","",INDEX(Inventory!B:B,SMALL($H$5:$H$304,83))),"") | C87: =IFERROR(IF(INDEX(Inventory!C:C,SMALL($H$5:$H$304,83))="","",INDEX(Inventory!C:C,SMALL($H$5:$H$304,83))),"") | D87: =IFERROR(IF(INDEX(Inventory!D:D,SMALL($H$5:$H$304,83))="","",INDEX(Inventory!D:D,SMALL($H$5:$H$304,83))),"") | E87: =IFERROR(IF(INDEX(Inventory!E:E,SMALL($H$5:$H$304,83))="","",INDEX(Inventory!E:E,SMALL($H$5:$H$304,83))),"") | F87: =IFERROR(IF(INDEX(Inventory!F:F,SMALL($H$5:$H$304,83))="","",INDEX(Inventory!F:F,SMALL($H$5:$H$304,83))),"") | G87: =IFERROR(IF(INDEX(Inventory!G:G,SMALL($H$5:$H$304,83))="","",INDEX(Inventory!G:G,SMALL($H$5:$H$304,83))),"") | H87: =IF(Inventory!A85="","",IF(ISNUMBER(SEARCH($C$2,Inventory!A85)),ROW(Inventory!A85),""))
A88: =IFERROR(IF(INDEX(Inventory!A:A,SMALL($H$5:$H$304,84))="","",INDEX(Inventory!A:A,SMALL($H$5:$H$304,84))),"") | B88: =IFERROR(IF(INDEX(Inventory!B:B,SMALL($H$5:$H$304,84))="","",INDEX(Inventory!B:B,SMALL($H$5:$H$304,84))),"") | C88: =IFERROR(IF(INDEX(Inventory!C:C,SMALL($H$5:$H$304,84))="","",INDEX(Inventory!C:C,SMALL($H$5:$H$304,84))),"") | D88: =IFERROR(IF(INDEX(Inventory!D:D,SMALL($H$5:$H$304,84))="","",INDEX(Inventory!D:D,SMALL($H$5:$H$304,84))),"") | E88: =IFERROR(IF(INDEX(Inventory!E:E,SMALL($H$5:$H$304,84))="","",INDEX(Inventory!E:E,SMALL($H$5:$H$304,84))),"") | F88: =IFERROR(IF(INDEX(Inventory!F:F,SMALL($H$5:$H$304,84))="","",INDEX(Inventory!F:F,SMALL($H$5:$H$304,84))),"") | G88: =IFERROR(IF(INDEX(Inventory!G:G,SMALL($H$5:$H$304,84))="","",INDEX(Inventory!G:G,SMALL($H$5:$H$304,84))),"") | H88: =IF(Inventory!A86="","",IF(ISNUMBER(SEARCH($C$2,Inventory!A86)),ROW(Inventory!A86),""))
A89: =IFERROR(IF(INDEX(Inventory!A:A,SMALL($H$5:$H$304,85))="","",INDEX(Inventory!A:A,SMALL($H$5:$H$304,85))),"") | B89: =IFERROR(IF(INDEX(Inventory!B:B,SMALL($H$5:$H$304,85))="","",INDEX(Inventory!B:B,SMALL($H$5:$H$304,85))),"") | C89: =IFERROR(IF(INDEX(Inventory!C:C,SMALL($H$5:$H$304,85))="","",INDEX(Inventory!C:C,SMALL($H$5:$H$304,85))),"") | D89: =IFERROR(IF(INDEX(Inventory!D:D,SMALL($H$5:$H$304,85))="","",INDEX(Inventory!D:D,SMALL($H$5:$H$304,85))),"") | E89: =IFERROR(IF(INDEX(Inventory!E:E,SMALL($H$5:$H$304,85))="","",INDEX(Inventory!E:E,SMALL($H$5:$H$304,85))),"") | F89: =IFERROR(IF(INDEX(Inventory!F:F,SMALL($H$5:$H$304,85))="","",INDEX(Inventory!F:F,SMALL($H$5:$H$304,85))),"") | G89: =IFERROR(IF(INDEX(Inventory!G:G,SMALL($H$5:$H$304,85))="","",INDEX(Inventory!G:G,SMALL($H$5:$H$304,85))),"") | H89: =IF(Inventory!A87="","",IF(ISNUMBER(SEARCH($C$2,Inventory!A87)),ROW(Inventory!A87),""))
A90: =IFERROR(IF(INDEX(Inventory!A:A,SMALL($H$5:$H$304,86))="","",INDEX(Inventory!A:A,SMALL($H$5:$H$304,86))),"") | B90: =IFERROR(IF(INDEX(Inventory!B:B,SMALL($H$5:$H$304,86))="","",INDEX(Inventory!B:B,SMALL($H$5:$H$304,86))),"") | C90: =IFERROR(IF(INDEX(Inventory!C:C,SMALL($H$5:$H$304,86))="","",INDEX(Inventory!C:C,SMALL($H$5:$H$304,86))),"") | D90: =IFERROR(IF(INDEX(Inventory!D:D,SMALL($H$5:$H$304,86))="","",INDEX(Inventory!D:D,SMALL($H$5:$H$304,86))),"") | E90: =IFERROR(IF(INDEX(Inventory!E:E,SMALL($H$5:$H$304,86))="","",INDEX(Inventory!E:E,SMALL($H$5:$H$304,86))),"") | F90: =IFERROR(IF(INDEX(Inventory!F:F,SMALL($H$5:$H$304,86))="","",INDEX(Inventory!F:F,SMALL($H$5:$H$304,86))),"") | G90: =IFERROR(IF(INDEX(Inventory!G:G,SMALL($H$5:$H$304,86))="","",INDEX(Inventory!G:G,SMALL($H$5:$H$304,86))),"") | H90: =IF(Inventory!A88="","",IF(ISNUMBER(SEARCH($C$2,Inventory!A88)),ROW(Inventory!A88),""))
A91: =IFERROR(IF(INDEX(Inventory!A:A,SMALL($H$5:$H$304,87))="","",INDEX(Inventory!A:A,SMALL($H$5:$H$304,87))),"") | B91: =IFERROR(IF(INDEX(Inventory!B:B,SMALL($H$5:$H$304,87))="","",INDEX(Inventory!B:B,SMALL($H$5:$H$304,87))),"") | C91: =IFERROR(IF(INDEX(Inventory!C:C,SMALL($H$5:$H$304,87))="","",INDEX(Inventory!C:C,SMALL($H$5:$H$304,87))),"") | D91: =IFERROR(IF(INDEX(Inventory!D:D,SMALL($H$5:$H$304,87))="","",INDEX(Inventory!D:D,SMALL($H$5:$H$304,87))),"") | E91: =IFERROR(IF(INDEX(Inventory!E:E,SMALL($H$5:$H$304,87))="","",INDEX(Inventory!E:E,SMALL($H$5:$H$304,87))),"") | F91: =IFERROR(IF(INDEX(Inventory!F:F,SMALL($H$5:$H$304,87))="","",INDEX(Inventory!F:F,SMALL($H$5:$H$304,87))),"") | G91: =IFERROR(IF(INDEX(Inventory!G:G,SMALL($H$5:$H$304,87))="","",INDEX(Inventory!G:G,SMALL($H$5:$H$304,87))),"") | H91: =IF(Inventory!A89="","",IF(ISNUMBER(SEARCH($C$2,Inventory!A89)),ROW(Inventory!A89),""))
A92: =IFERROR(IF(INDEX(Inventory!A:A,SMALL($H$5:$H$304,88))="","",INDEX(Inventory!A:A,SMALL($H$5:$H$304,88))),"") | B92: =IFERROR(IF(INDEX(Inventory!B:B,SMALL($H$5:$H$304,88))="","",INDEX(Inventory!B:B,SMALL($H$5:$H$304,88))),"") | C92: =IFERROR(IF(INDEX(Inventory!C:C,SMALL($H$5:$H$304,88))="","",INDEX(Inventory!C:C,SMALL($H$5:$H$304,88))),"") | D92: =IFERROR(IF(INDEX(Inventory!D:D,SMALL($H$5:$H$304,88))="","",INDEX(Inventory!D:D,SMALL($H$5:$H$304,88))),"") | E92: =IFERROR(IF(INDEX(Inventory!E:E,SMALL($H$5:$H$304,88))="","",INDEX(Inventory!E:E,SMALL($H$5:$H$304,88))),"") | F92: =IFERROR(IF(INDEX(Inventory!F:F,SMALL($H$5:$H$304,88))="","",INDEX(Inventory!F:F,SMALL($H$5:$H$304,88))),"") | G92: =IFERROR(IF(INDEX(Inventory!G:G,SMALL($H$5:$H$304,88))="","",INDEX(Inventory!G:G,SMALL($H$5:$H$304,88))),"") | H92: =IF(Inventory!A90="","",IF(ISNUMBER(SEARCH($C$2,Inventory!A90)),ROW(Inventory!A90),""))
A93: =IFERROR(IF(INDEX(Inventory!A:A,SMALL($H$5:$H$304,89))="","",INDEX(Inventory!A:A,SMALL($H$5:$H$304,89))),"") | B93: =IFERROR(IF(INDEX(Inventory!B:B,SMALL($H$5:$H$304,89))="","",INDEX(Inventory!B:B,SMALL($H$5:$H$304,89))),"") | C93: =IFERROR(IF(INDEX(Inventory!C:C,SMALL($H$5:$H$304,89))="","",INDEX(Inventory!C:C,SMALL($H$5:$H$304,89))),"") | D93: =IFERROR(IF(INDEX(Inventory!D:D,SMALL($H$5:$H$304,89))="","",INDEX(Inventory!D:D,SMALL($H$5:$H$304,89))),"") | E93: =IFERROR(IF(INDEX(Inventory!E:E,SMALL($H$5:$H$304,89))="","",INDEX(Inventory!E:E,SMALL($H$5:$H$304,89))),"") | F93: =IFERROR(IF(INDEX(Inventory!F:F,SMALL($H$5:$H$304,89))="","",INDEX(Inventory!F:F,SMALL($H$5:$H$304,89))),"") | G93: =IFERROR(IF(INDEX(Inventory!G:G,SMALL($H$5:$H$304,89))="","",INDEX(Inventory!G:G,SMALL($H$5:$H$304,89))),"") | H93: =IF(Inventory!A91="","",IF(ISNUMBER(SEARCH($C$2,Inventory!A91)),ROW(Inventory!A91),""))
A94: =IFERROR(IF(INDEX(Inventory!A:A,SMALL($H$5:$H$304,90))="","",INDEX(Inventory!A:A,SMALL($H$5:$H$304,90))),"") | B94: =IFERROR(IF(INDEX(Inventory!B:B,SMALL($H$5:$H$304,90))="","",INDEX(Inventory!B:B,SMALL($H$5:$H$304,90))),"") | C94: =IFERROR(IF(INDEX(Inventory!C:C,SMALL($H$5:$H$304,90))="","",INDEX(Inventory!C:C,SMALL($H$5:$H$304,90))),"") | D94: =IFERROR(IF(INDEX(Inventory!D:D,SMALL($H$5:$H$304,90))="","",INDEX(Inventory!D:D,SMALL($H$5:$H$304,90))),"") | E94: =IFERROR(IF(INDEX(Inventory!E:E,SMALL($H$5:$H$304,90))="","",INDEX(Inventory!E:E,SMALL($H$5:$H$304,90))),"") | F94: =IFERROR(IF(INDEX(Inventory!F:F,SMALL($H$5:$H$304,90))="","",INDEX(Inventory!F:F,SMALL($H$5:$H$304,90))),"") | G94: =IFERROR(IF(INDEX(Inventory!G:G,SMALL($H$5:$H$304,90))="","",INDEX(Inventory!G:G,SMALL($H$5:$H$304,90))),"") | H94: =IF(Inventory!A92="","",IF(ISNUMBER(SEARCH($C$2,Inventory!A92)),ROW(Inventory!A92),""))
A95: =IFERROR(IF(INDEX(Inventory!A:A,SMALL($H$5:$H$304,91))="","",INDEX(Inventory!A:A,SMALL($H$5:$H$304,91))),"") | B95: =IFERROR(IF(INDEX(Inventory!B:B,SMALL($H$5:$H$304,91))="","",INDEX(Inventory!B:B,SMALL($H$5:$H$304,91))),"") | C95: =IFERROR(IF(INDEX(Inventory!C:C,SMALL($H$5:$H$304,91))="","",INDEX(Inventory!C:C,SMALL($H$5:$H$304,91))),"") | D95: =IFERROR(IF(INDEX(Inventory!D:D,SMALL($H$5:$H$304,91))="","",INDEX(Inventory!D:D,SMALL($H$5:$H$304,91))),"") | E95: =IFERROR(IF(INDEX(Inventory!E:E,SMALL($H$5:$H$304,91))="","",INDEX(Inventory!E:E,SMALL($H$5:$H$304,91))),"") | F95: =IFERROR(IF(INDEX(Inventory!F:F,SMALL($H$5:$H$304,91))="","",INDEX(Inventory!F:F,SMALL($H$5:$H$304,91))),"") | G95: =IFERROR(IF(INDEX(Inventory!G:G,SMALL($H$5:$H$304,91))="","",INDEX(Inventory!G:G,SMALL($H$5:$H$304,91))),"") | H95: =IF(Inventory!A93="","",IF(ISNUMBER(SEARCH($C$2,Inventory!A93)),ROW(Inventory!A93),""))
A96: =IFERROR(IF(INDEX(Inventory!A:A,SMALL($H$5:$H$304,92))="","",INDEX(Inventory!A:A,SMALL($H$5:$H$304,92))),"") | B96: =IFERROR(IF(INDEX(Inventory!B:B,SMALL($H$5:$H$304,92))="","",INDEX(Inventory!B:B,SMALL($H$5:$H$304,92))),"") | C96: =IFERROR(IF(INDEX(Inventory!C:C,SMALL($H$5:$H$304,92))="","",INDEX(Inventory!C:C,SMALL($H$5:$H$304,92))),"") | D96: =IFERROR(IF(INDEX(Inventory!D:D,SMALL($H$5:$H$304,92))="","",INDEX(Inventory!D:D,SMALL($H$5:$H$304,92))),"") | E96: =IFERROR(IF(INDEX(Inventory!E:E,SMALL($H$5:$H$304,92))="","",INDEX(Inventory!E:E,SMALL($H$5:$H$304,92))),"") | F96: =IFERROR(IF(INDEX(Inventory!F:F,SMALL($H$5:$H$304,92))="","",INDEX(Inventory!F:F,SMALL($H$5:$H$304,92))),"") | G96: =IFERROR(IF(INDEX(Inventory!G:G,SMALL($H$5:$H$304,92))="","",INDEX(Inventory!G:G,SMALL($H$5:$H$304,92))),"") | H96: =IF(Inventory!A94="","",IF(ISNUMBER(SEARCH($C$2,Inventory!A94)),ROW(Inventory!A94),""))
A97: =IFERROR(IF(INDEX(Inventory!A:A,SMALL($H$5:$H$304,93))="","",INDEX(Inventory!A:A,SMALL($H$5:$H$304,93))),"") | B97: =IFERROR(IF(INDEX(Inventory!B:B,SMALL($H$5:$H$304,93))="","",INDEX(Inventory!B:B,SMALL($H$5:$H$304,93))),"") | C97: =IFERROR(IF(INDEX(Inventory!C:C,SMALL($H$5:$H$304,93))="","",INDEX(Inventory!C:C,SMALL($H$5:$H$304,93))),"") | D97: =IFERROR(IF(INDEX(Inventory!D:D,SMALL($H$5:$H$304,93))="","",INDEX(Inventory!D:D,SMALL($H$5:$H$304,93))),"") | E97: =IFERROR(IF(INDEX(Inventory!E:E,SMALL($H$5:$H$304,93))="","",INDEX(Inventory!E:E,SMALL($H$5:$H$304,93))),"") | F97: =IFERROR(IF(INDEX(Inventory!F:F,SMALL($H$5:$H$304,93))="","",INDEX(Inventory!F:F,SMALL($H$5:$H$304,93))),"") | G97: =IFERROR(IF(INDEX(Inventory!G:G,SMALL($H$5:$H$304,93))="","",INDEX(Inventory!G:G,SMALL($H$5:$H$304,93))),"") | H97: =IF(Inventory!A95="","",IF(ISNUMBER(SEARCH($C$2,Inventory!A95)),ROW(Inventory!A95),""))
A98: =IFERROR(IF(INDEX(Inventory!A:A,SMALL($H$5:$H$304,94))="","",INDEX(Inventory!A:A,SMALL($H$5:$H$304,94))),"") | B98: =IFERROR(IF(INDEX(Inventory!B:B,SMALL($H$5:$H$304,94))="","",INDEX(Inventory!B:B,SMALL($H$5:$H$304,94))),"") | C98: =IFERROR(IF(INDEX(Inventory!C:C,SMALL($H$5:$H$304,94))="","",INDEX(Inventory!C:C,SMALL($H$5:$H$304,94))),"") | D98: =IFERROR(IF(INDEX(Inventory!D:D,SMALL($H$5:$H$304,94))="","",INDEX(Inventory!D:D,SMALL($H$5:$H$304,94))),"") | E98: =IFERROR(IF(INDEX(Inventory!E:E,SMALL($H$5:$H$304,94))="","",INDEX(Inventory!E:E,SMALL($H$5:$H$304,94))),"") | F98: =IFERROR(IF(INDEX(Inventory!F:F,SMALL($H$5:$H$304,94))="","",INDEX(Inventory!F:F,SMALL($H$5:$H$304,94))),"") | G98: =IFERROR(IF(INDEX(Inventory!G:G,SMALL($H$5:$H$304,94))="","",INDEX(Inventory!G:G,SMALL($H$5:$H$304,94))),"") | H98: =IF(Inventory!A96="","",IF(ISNUMBER(SEARCH($C$2,Inventory!A96)),ROW(Inventory!A96),""))
A99: =IFERROR(IF(INDEX(Inventory!A:A,SMALL($H$5:$H$304,95))="","",INDEX(Inventory!A:A,SMALL($H$5:$H$304,95))),"") | B99: =IFERROR(IF(INDEX(Inventory!B:B,SMALL($H$5:$H$304,95))="","",INDEX(Inventory!B:B,SMALL($H$5:$H$304,95))),"") | C99: =IFERROR(IF(INDEX(Inventory!C:C,SMALL($H$5:$H$304,95))="","",INDEX(Inventory!C:C,SMALL($H$5:$H$304,95))),"") | D99: =IFERROR(IF(INDEX(Inventory!D:D,SMALL($H$5:$H$304,95))="","",INDEX(Inventory!D:D,SMALL($H$5:$H$304,95))),"") | E99: =IFERROR(IF(INDEX(Inventory!E:E,SMALL($H$5:$H$304,95))="","",INDEX(Inventory!E:E,SMALL($H$5:$H$304,95))),"") | F99: =IFERROR(IF(INDEX(Inventory!F:F,SMALL($H$5:$H$304,95))="","",INDEX(Inventory!F:F,SMALL($H$5:$H$304,95))),"") | G99: =IFERROR(IF(INDEX(Inventory!G:G,SMALL($H$5:$H$304,95))="","",INDEX(Inventory!G:G,SMALL($H$5:$H$304,95))),"") | H99: =IF(Inventory!A97="","",IF(ISNUMBER(SEARCH($C$2,Inventory!A97)),ROW(Inventory!A97),""))
A100: =IFERROR(IF(INDEX(Inventory!A:A,SMALL($H$5:$H$304,96))="","",INDEX(Inventory!A:A,SMALL($H$5:$H$304,96))),"") | B100: =IFERROR(IF(INDEX(Inventory!B:B,SMALL($H$5:$H$304,96))="","",INDEX(Inventory!B:B,SMALL($H$5:$H$304,96))),"") | C100: =IFERROR(IF(INDEX(Inventory!C:C,SMALL($H$5:$H$304,96))="","",INDEX(Inventory!C:C,SMALL($H$5:$H$304,96))),"") | D100: =IFERROR(IF(INDEX(Inventory!D:D,SMALL($H$5:$H$304,96))="","",INDEX(Inventory!D:D,SMALL($H$5:$H$304,96))),"") | E100: =IFERROR(IF(INDEX(Inventory!E:E,SMALL($H$5:$H$304,96))="","",INDEX(Inventory!E:E,SMALL($H$5:$H$304,96))),"") | F100: =IFERROR(IF(INDEX(Inventory!F:F,SMALL($H$5:$H$304,96))="","",INDEX(Inventory!F:F,SMALL($H$5:$H$304,96))),"") | G100: =IFERROR(IF(INDEX(Inventory!G:G,SMALL($H$5:$H$304,96))="","",INDEX(Inventory!G:G,SMALL($H$5:$H$304,96))),"") | H100: =IF(Inventory!A98="","",IF(ISNUMBER(SEARCH($C$2,Inventory!A98)),ROW(Inventory!A98),""))
A101: =IFERROR(IF(INDEX(Inventory!A:A,SMALL($H$5:$H$304,97))="","",INDEX(Inventory!A:A,SMALL($H$5:$H$304,97))),"") | B101: =IFERROR(IF(INDEX(Inventory!B:B,SMALL($H$5:$H$304,97))="","",INDEX(Inventory!B:B,SMALL($H$5:$H$304,97))),"") | C101: =IFERROR(IF(INDEX(Inventory!C:C,SMALL($H$5:$H$304,97))="","",INDEX(Inventory!C:C,SMALL($H$5:$H$304,97))),"") | D101: =IFERROR(IF(INDEX(Inventory!D:D,SMALL($H$5:$H$304,97))="","",INDEX(Inventory!D:D,SMALL($H$5:$H$304,97))),"") | E101: =IFERROR(IF(INDEX(Inventory!E:E,SMALL($H$5:$H$304,97))="","",INDEX(Inventory!E:E,SMALL($H$5:$H$304,97))),"") | F101: =IFERROR(IF(INDEX(Inventory!F:F,SMALL($H$5:$H$304,97))="","",INDEX(Inventory!F:F,SMALL($H$5:$H$304,97))),"") | G101: =IFERROR(IF(INDEX(Inventory!G:G,SMALL($H$5:$H$304,97))="","",INDEX(Inventory!G:G,SMALL($H$5:$H$304,97))),"") | H101: =IF(Inventory!A99="","",IF(ISNUMBER(SEARCH($C$2,Inventory!A99)),ROW(Inventory!A99),""))
...

Sheet Random & Unknown
A1: Random & Unknown Items
A2: Items that couldn't be identified or don't fit anywhere. Assign a proper bin/closet when identified.
A3: Description | B3: Found In / Location | C3: Photo / Notes | D3: Looks Like | E3: Status | F3: Assigned To
